acc	segment	slen	year	era	cdate	country	host	sha256	title
PQ329255.1	L	7741	2024	outbreak	2024	Spain	Homo sapiens	a311a0e51a2a18eb64f0bdaaef7980d362d2b09e7a33e56c0cbda8c0ffba6cb9	Oropouche virus strain SP2024 segment L RNA-dependent RNA polymerase gene, complete cds
PQ683509.1	L	6822		buffer/unknown		Peru	Homo sapiens	b1d13d55f50f509fee915c268923f2e04ef574d73c23a30fdb1e6aa6f37e463a	Oropouche virus isolate 097471 RNA-dependent RNA polymerase gene, complete cds
PQ801466.1	L	6852	1991	historical	1991	Brazil	Homo sapiens	fecb8c848b28d11d30690905e058c57e052c60935f2f981f1ddb3179a045d0bc	Oropouche virus strain BeH 504514 segment L, complete sequence
PQ683512.1	L	6822		buffer/unknown		Peru	Homo sapiens	6c167c85fbf55d30df08b16530f96dc06767a5882ed8c0a58d07a680628d8ac9	Oropouche virus isolate 100592 RNA-dependent RNA polymerase gene, complete cds
PQ683506.1	L	6828		buffer/unknown		Peru	Homo sapiens	7e6de7f6005ef9ba43bc0a85bbc53b5713fabfeaa3ade69703a4b94732173fa4	Oropouche virus isolate 096374 RNA-dependent RNA polymerase gene, complete cds
PQ550995.1	L	6759	2024	outbreak	11-May-2024	Brazil: Sao Paulo, Itanhaem	Homo sapiens; 29y; female	aa4ee1f7581eb0ae5bc481929f20050d3ccc662cce9a2c0feb6c4bf186bb4ec0	Oropouche virus isolate LEIAL3270 segment L RNA polymerase gene, complete cds
PQ530048.1	L	6792	2024	outbreak	06-Jun-2024	Spain		aa8e8fe3ff1e0f43af920c12edef9466c3a58815f5caf93af5d326b952e1c690	Oropouche virus isolate MBC152 segment L polymerase gene, complete cds
PQ417948.1	L	6833	2024	outbreak	13-Jul-2024	Cuba	Homo sapiens	85a3b0b7db9326b9d72acd01bf173bcf7c6334ba50dd80b19c95fecce81056e1	Oropouche virus isolate 2400023 segment L RNA-dependent RNA polymerase gene, complete cds
PQ363068.2	L	6849	2024	outbreak	13-Aug-2024	Italy: IRCCS Sacro Cuore Don Calabria, Negrar di Valpolicella, VR	Homo sapiens; male	d7f719a9a464abff529c5c68ce619b5b20f28d8241e64d8ec3f9687dff87720f	Oropouche virus isolate IRCCS-SCDC_2/2024 segment L, complete sequence
PP952119.3	L	6782	2024	outbreak	Jun-2024	Italy: IRCCS Sacro Cuore Don Calabria, Negrar di Valpolicella, VR	Homo sapiens; sex: female	d7d758337f2be89ecd8a2532e2523414f8365a11ce310a839e0bcd963944f91a	Oropouche virus isolate IRCCS-SCDC_1/2024 segment L RNA-dependent RNA polymerase gene, complete cds
PP477308.1	L	6852	2024	outbreak	2024-02-08	Colombia	Homo sapiens	e68557bb189e83975b5df199a3b5cbf13d8f1e250127253cd7632755c7efb6c9	Oropouche virus isolate LET-2093 segment L, complete sequence
PP477307.1	L	6821	2024	outbreak	2024-02-15	Colombia	Homo sapiens	99ddd400cda4ee3cf52cd2a53aa259f5556f282a5da3735fa744df9f509b806b	Oropouche virus isolate LET-2116 segment L, complete sequence
PP477306.1	L	6852	2024	outbreak	2024-02-06	Colombia	Homo sapiens	efd67e452fe4c700b3a43a02af529f9ad1ddef3135803d5acc46f033e50c6194	Oropouche virus isolate LET-2088 segment L, complete sequence
PP477305.1	L	6852	2024	outbreak	2024-02-12	Colombia	Homo sapiens	e7855bbfe7415d3e880914978aee98a9dc68533e436e0861c0d45e1bda21548c	Oropouche virus isolate LET-2099 segment L, complete sequence
PP477304.1	L	6852	2024	outbreak	2024-02-13	Colombia	Homo sapiens	a6cfa41d7ffe10002818c4d38b383ed14c0e24bf28473f0acba10f18653153de	Oropouche virus isolate LET-2102 segment L, complete sequence
PP477303.1	L	6852	2024	outbreak	2024-02-05	Colombia	Homo sapiens	e80c0a7d07365e70dfc465eebeaeee58e7e758f78eb545b4443faec456b4f434	Oropouche virus isolate LET-2083 segment L, complete sequence
PQ197412.1	L	6843	2024	outbreak	17-Apr-2024	Brazil: Espirito Santo, Laranja da Terra	Homo sapiens; female; 12 years	2e5c788a8a70f20225c5988b0e8d35ef2724b90d01e01b774c31c522d605a4d7	Oropouche virus isolate LEIAL2081 segment L, complete sequence
PQ197409.1	L	6843	2024	outbreak	17-Apr-2024	Brazil: Espirito Santo, Laranja da Terra	Homo sapiens; female; 45 years	caa9faa7079d24c4c27caab7bedf4e915570264c7091fb9abef10aa5af9b6eca	Oropouche virus isolate LEIAL2080 segment L, complete sequence
PQ197406.1	L	6843	2024	outbreak	24-Mar-2024	Brazil: Espirito Santo, Rio Bananal	Homo sapiens; male; 60 years	4a5152be67237c2431c1f3aa62b439c05240b7018ed5f4e7aa6145e4c4c013b1	Oropouche virus isolate LEIAL2079 segment L, complete sequence
PQ197403.1	L	6843	2024	outbreak	22-Apr-2024	Brazil: Espirito Santo, Rio Bananal	Homo sapiens; male; 32 years	4f6134357b5f1e54a0a18096c5cef3b4ec5d8e0ad5d2de7aae8831170c0bed93	Oropouche virus isolate LEIAL2078 segment L, complete sequence
PQ197400.1	L	6843	2024	outbreak	15-Apr-2024	Brazil: Espirito Santo, Colatina	Homo sapiens; male; 53 years	1837d3d42cfa2dcf77bbf7adcacfb0f4583596fcb56f6293398140bb59cf67db	Oropouche virus isolate LEIAL2077 segment L, complete sequence
PQ197397.1	L	6843	2024	outbreak	12-Apr-2024	Brazil: Espirito Santo, Colatina	Homo sapiens; female; 43 years	050ceea2385818d7af326304af406947b4f2b7ae40f95217a318ef27780c595f	Oropouche virus isolate LEIAL2076 segment L, complete sequence
PQ197394.1	L	6843	2024	outbreak	22-Jan-2024	Brazil: Sao Paulo, Sao Paulo	Homo sapiens; male; 33 years	0afc66aa8f7bf87de5438f6b93a039455e9322d7e29859222cbc1a42cf572c77	Oropouche virus isolate LEIAL1495 segment L, complete sequence
PQ185967.1	L	6843	2024	outbreak	25-Apr-2024	Brazil: Sao Paulo, Cajati	Homo sapiens	39bd6b2fc4cb27ae90d234a6be01e02b9565bdbfc2bc94664a63fef7c41bf83f	Oropouche virus isolate SP/IAL/LEIAL2938R/2024 segment L RNA polymerase (L) gene, complete cds
PQ185966.1	L	6843	2024	outbreak	22-Apr-2024	Brazil: Sao Paulo, Cajati	Homo sapiens	5d7bb6ad3be8c27b72388d1456ef5b3e454355592d1c27659ec0fe7a76092510	Oropouche virus isolate SP/IAL/LEIAL2937R/2024 segment L RNA polymerase (L) gene, complete cds
PQ149812.1	L	6842	2024	outbreak	10-May-2024	Brazil: Camamu, Bahia	Homo sapiens	c0af83dc1e6229b2b9c697dbc66a5f486155d99ef910403305836912673b1778	Oropouche virus isolate LBA20240628_METAOROV_barcode21 segment L RNA polymerase (L) gene, complete cds
PQ149809.1	L	6823	2024	outbreak	27-Mar-2024	Brazil: Valenca, Bahia	Homo sapiens	7e9c82472279fce40fd3bf06c4e9ef542e5f89f42a2396c007ca370288b39516	Oropouche virus isolate LBA20240628_METAOROV_barcode20 segment L RNA polymerase (L) gene, complete cds
PQ168559.1	L	6786	2024	outbreak	24-Apr-2024	Brazil: Rosario Oeste, Mato Grosso	Homo sapiens	b691b7f19ddfc759c9845d6c8a70d3aa2930f3c1ea6d1efc74e70f210cc9a096	Oropouche virus isolate OROV_MT_28-2024 segment L RNA polymerase (L) gene, complete cds
PQ168552.1	L	6777	2024	outbreak	16-Apr-2024	Brazil: Rosario Oeste, Mato Grosso	Homo sapiens	4023faaf65239265466d4d8e04d20f1781710ebb3cb4b3fd48549409de5a0c6e	Oropouche virus isolate OROV_MT_12-2024 segment L RNA polymerase (L) gene, complete cds
PQ168513.1	L	6780	2024	outbreak	10-May-2024	Brazil: Coronel Fabriciano, Minas Gerais	Homo sapiens	fd039072f63c2c1a20c093f4a8278ed7706a4a928577ee9b1fd9035a4c9e9df8	Oropouche virus isolate OROV_120463-24-BM segment L RNA polymerase (L) gene, complete cds
PQ168512.1	L	6767	2024	outbreak	06-May-2024	Brazil: Timoteo, Minas Gerais	Homo sapiens	ffe9d2524b1955d629f5e87304f78fcb490236549fb1de140f3f4fba8f8af217	Oropouche virus isolate OROV_120456-24-BM segment L RNA polymerase (L) gene, complete cds
PQ168511.1	L	6770	2024	outbreak	04-Apr-2024	Brazil: Joanesia, Minas Gerais	Homo sapiens	a80c99c55ab34c3efdd41769878f99ae47fcacdf22eede5cc527b84c6f3dd7ab	Oropouche virus isolate OROV_107560-24-BM segment L RNA polymerase (L) gene, complete cds
PQ168508.1	L	6776	2024	outbreak	10-Apr-2024	Brazil: Joanesia, Minas Gerais	Homo sapiens	119fb51ff9b277a4ed6993e14684207a8931fbf78fe0e9b28e5a9226333ea4de	Oropouche virus isolate OROV_107558-24-BM segment L RNA polymerase (L) gene, complete cds
PQ168506.1	L	6772	2024	outbreak	08-Apr-2024	Brazil: Joanesia, Minas Gerais	Homo sapiens	22250f2952e3c68c6cd9778b4ddc9529719f5967b3360657db87496f612dd6c5	Oropouche virus isolate OROV_107553-24-BM segment L RNA polymerase (L) gene, complete cds
PQ168503.1	L	6777	2024	outbreak	08-Apr-2024	Brazil: Joanesia, Minas Gerais	Homo sapiens	532e9b069454563e6336026cd4b6b5e3adf5942aa345abd07a335d0514983e99	Oropouche virus isolate OROV_107546-24-BM segment L RNA polymerase (L) gene, complete cds
PQ168500.1	L	6781	2024	outbreak	10-Apr-2024	Brazil: Joanesia, Minas Gerais	Homo sapiens	4607a382870ef35b51145d83989b6deb8f37a7be503de1ea0b1c4d5ec6f67381	Oropouche virus isolate OROV_107540-24-BM segment L RNA polymerase (L) gene, complete cds
PQ168497.1	L	6774	2024	outbreak	08-Apr-2024	Brazil: Joanesia, Minas Gerais	Homo sapiens	c22458fcf19aa3ddbdbdda48dfc4a6f5f856dde34a6561aace4b59cd67453156	Oropouche virus isolate OROV_107534-24-BM segment L RNA polymerase (L) gene, complete cds
PQ168496.1	L	6775	2024	outbreak	08-Apr-2024	Brazil: Joanesia, Minas Gerais	Homo sapiens	301ddbbee22089fbf7bc41d614008bc7bbca3051141cd2f9542a8ba508246136	Oropouche virus isolate OROV_107532-24-BM segment L RNA polymerase (L) gene, complete cds
PQ168489.1	L	6779	2024	outbreak	03-Apr-2024	Brazil: Joanesia, Minas Gerais	Homo sapiens	2e3c517eed65a46a976cffbb3a948d8d4a606fcbee13f61d43edd5366f1f5a07	Oropouche virus isolate OROV_101873-24-BM segment L RNA polymerase (L) gene, complete cds
PQ168481.1	L	6769	2024	outbreak	15-Apr-2024	Brazil: Timoteo, Minas Gerais	Homo sapiens	89ebcd81fb5c00e7e7017ba5f78d8c5ac5744e764a4e6af50540eef509aada7a	Oropouche virus isolate OROV_101837-24-BM segment L RNA polymerase (L) gene, complete cds
PQ168472.1	L	6769	2024	outbreak	12-Apr-2024	Brazil: Coronel Fabriciano, Minas Gerais	Homo sapiens	c7f6794cfe6687389a8cbc6cabe081275d07f58a50ba77d5f05a4d3412b947c7	Oropouche virus isolate OROV_101659-24-BM segment L RNA polymerase (L) gene, complete cds
PQ168471.1	L	6774	2024	outbreak	16-Apr-2024	Brazil: Coronel Fabriciano, Minas Gerais	Homo sapiens	a96d5efd3ea1380d67f91bae7ba15174ff27fc5fff26b93f2a3ae6b4335cb465	Oropouche virus isolate OROV_101658-24-BM segment L RNA polymerase (L) gene, complete cds
PQ168470.1	L	6774	2024	outbreak	03-Apr-2024	Brazil: Coronel Fabriciano, Minas Gerais	Homo sapiens	8bcb7af409416dfbea8733ef057d806283bb9eecc442c094d696102101638a6a	Oropouche virus isolate OROV_101657-24-BM segment L RNA polymerase (L) gene, complete cds
PQ168467.1	L	6773	2024	outbreak	02-Apr-2024	Brazil: Coronel Fabriciano, Minas Gerais	Homo sapiens	8a99a6b5c3cedf512f8cbc8c839327e71bd30500847724251daf7328ec041bbc	Oropouche virus isolate OROV_101649-24-BM segment L RNA polymerase (L) gene, complete cds
PQ168456.1	L	6779	2024	outbreak	08-Apr-2024	Brazil: Coronel Fabriciano, Minas Gerais	Homo sapiens	043f376de6ba5cc45c6ee1ffc75000bd01b0b10075a5b3891c19d62e35c453e9	Oropouche virus isolate OROV_101624-24-BM segment L RNA polymerase (L) gene, complete cds
PQ168455.1	L	6780	2024	outbreak	03-Apr-2024	Brazil: Coronel Fabriciano, Minas Gerais	Homo sapiens	96417a7da0eb4803935c6eb3cb26598f3558c05a544bf9b5bf9b312780537f19	Oropouche virus isolate OROV_101622-24-BM segment L RNA polymerase (L) gene, complete cds
PQ168453.1	L	6767	2024	outbreak	05-Apr-2024	Brazil: Coronel Fabriciano, Minas Gerais	Homo sapiens	edcb50967d82fd5246c6632b0a11349175bed472de4cb0649e4c9e5902632f97	Oropouche virus isolate OROV_101619-24-BM segment L RNA polymerase (L) gene, complete cds
PQ168452.1	L	6770	2024	outbreak	03-Apr-2024	Brazil: Coronel Fabriciano, Minas Gerais	Homo sapiens	037316577b3b7d3892508e3e930c457831c6dd2219d6d4d282ae976347d8615f	Oropouche virus isolate OROV_101618-24-BM segment L RNA polymerase (L) gene, complete cds
PQ168450.1	L	6779	2024	outbreak	15-Apr-2024	Brazil: Coronel Fabriciano, Minas Gerais	Homo sapiens	836411efad90c3ab12648d06be4c14e6729a73a9afda000e45fad8cd4e90eb37	Oropouche virus isolate OROV_101614-24-BM segment L RNA polymerase (L) gene, complete cds
PQ168446.1	L	6771	2024	outbreak	16-Apr-2024	Brazil: Coronel Fabriciano, Minas Gerais	Homo sapiens	df8c830880f5ee538c174f7916d26b3dba1c286f3d661023ef010ef45cc4d2ad	Oropouche virus isolate OROV_101609-24-BM segment L RNA polymerase (L) gene, complete cds
PQ168442.1	L	6803	2024	outbreak	16-Apr-2024	Brazil: Congonhas, Minas Gerais	Homo sapiens	211bd98e836ee774ca6daab66f7cb01c57e9240b924fe29010660d1d8dd76329	Oropouche virus isolate OROV_MG_103548.24_2024 segment L RNA polymerase (L) gene, complete cds
PQ168441.1	L	6790	2024	outbreak	19-Apr-2024	Brazil: Ipatinga, Minas Gerais	Homo sapiens	caad9320aec0fca849aacefc22449d149498f60470dc7b5d63f44191a3f634f7	Oropouche virus isolate OROV_MG_103278.24_2024 segment L RNA polymerase (L) gene, complete cds
PQ168436.1	L	6795	2024	outbreak	11-Apr-2024	Brazil: Botuvera, Santa Catarina	Homo sapiens	e4c6d7bb2a8047637ac19d0bc18df01d291951603840180b9530617c18eb349b	Oropouche virus isolate OROV_SC_02.24_2024 segment L RNA polymerase (L) gene, complete cds
PQ168435.1	L	6789	2024	outbreak	27-Feb-2024	Brazil: Rio Branco, Acre	Homo sapiens	7d986c9f48c8550b0f25c64f92df28e9806b5a2551169947a38ad47cf68ebf28	Oropouche virus isolate OROV_AC_17.24_2024 segment L RNA polymerase (L) gene, complete cds
PQ168434.1	L	6786	2024	outbreak	29-Feb-2024	Brazil: Cruzeiro do Sul, Acre	Homo sapiens	7b093e87bef0e6325afae6fec711b1601087447535abfb54cd3eb3abbeab352d	Oropouche virus isolate OROV_AC_15.24_2024 segment L RNA polymerase (L) gene, complete cds
PQ168431.1	L	6786	2024	outbreak	01-Mar-2024	Brazil: Cruzeiro do Sul, Acre	Homo sapiens	31b982caa3048c81f698c60d8ec523ac9930fae4202161dc805a6b04c1c04ece	Oropouche virus isolate OROV_AC_03.24_2024 segment L RNA polymerase (L) gene, complete cds
PP357048.1	L	6852	1991	historical	1991	Brazil	Homo sapiens	c4e6dab750d8091c5026c0394ae24270d39299bcc3e79e465a9cbb7c1b9d119e	Oropouche virus strain BeH505764 segment L, complete sequence
PP154172.1	L	6814	2015	historical	2015-04-13	Brazil: Amazonas_Tefe	Homo sapiens	5ef14a880795a53eb76a565c9185dee0549208d5034a5d30c97a82d16ad20bf1	Oropouche virus isolate ILMD_TF29 segment L, complete sequence
OP407852.1	L	6852	2009	historical	22-Jun-2009	Brazil	Homo sapiens	5c6d4dcb2c968f911a05aff96e42094a22d261c32154c87585fb83e4e002c8ea	Oropouche virus RNA polymerase gene, complete cds
MT879228.1	L	6852	2018	historical	30-Mar-2018	Brazil	Homo sapiens	4c60c59463662aad6484b1178d0d4594f10b8912933070cc17b0b6ffffb522f8	Oropouche virus strain Bel90435/H853382 segment L RNA-dependent RNA polymerase gene, complete cds
KP795102.1	L	6843	1999	historical	Oct-1999	Panama	Homo sapiens	3588d73490f3354b9c185fc771f21cc4cbd67fad0bd88950b5adbd302a39d3dc	Oropouche virus strain TVP-19264/PAN-481126 RNA polymerase gene, complete cds
KP795099.1	L	6837	2000	historical	May-2000	Peru	Homo sapiens	0367926b750d3202f1a4fd38d330cf297a2aabbfef93a3b39df64b20d6baf686	Oropouche virus strain TVP-19262/OBS-9478 RNA polymerase gene, complete cds
KP795096.1	L	6815	1994	historical	Feb-1994	Peru	Homo sapiens	2683f76cbeee2442e13ae1c2e93d3a031c6b9077c8500034766e80f33c3a3966	Oropouche virus strain TVP-19260/MD-203 RNA polymerase gene, complete cds
KP795093.1	L	6838	1998	historical	Apr-1998	Peru	Homo sapiens	110f6227e0f90c521e27a89eb968deb92232ac52aca405ef785dbf9956a9f2fb	Oropouche virus strain TVP-19259/IQT-7085 RNA polymerase gene, complete cds
KP795090.1	L	6903	1997	historical	Aug-1997	Peru	Homo sapiens	7c0e51baddc224b5de4b681c259df07c4fba0f05074e89fd773db3cca706f668	Oropouche virus strain TVP-19258/IQT-4083 RNA polymerase gene, complete cds
KP795087.1	L	6839	1995	historical	Jun-1995	Peru	Homo sapiens	0b6bb534e3bd24ba67106f102b420319bae48d3d3b27e3c8fb90551db004d794	Oropouche virus strain TVP-19257/IQT-1690 RNA polymerase gene, complete cds
KP795084.1	L	6830	2008	historical	Mar-2008	Peru	Homo sapiens	90756a6f9197ee73b22b6036ca940575d5159e779bec2fba42bb97b82258d0f3	Oropouche virus strain TVP-19256/IQE-7894 RNA polymerase gene, complete cds
KP795081.1	L	6857	1989	historical	1989	Panama	Homo sapiens	880912161d432f6901a88673c0b6ea2db0239517513514c461221591f891dfbe	Oropouche virus strain TVP-19254/GML-480914 RNA polymerase gene, complete cds
KP795078.1	L	6836	1989	historical	Aug-1989	Panama	Homo sapiens	b1bad072deda68eb7130e31d966fcc40a433d15c7724912427bd35b4d1a0a54c	Oropouche virus strain TVP-19250/GML-444839 RNA polymerase gene, complete cds
KP795075.1	L	6835	1989	historical	1989	Panama	Homo sapiens	a4d620b3a69262ec3ae76ec55d2fe43648b9ca9ed2da89c4e328e2ea5d911a5e	Oropouche virus strain TVP-19249/GML-444672 RNA polymerase gene, complete cds
KP795072.1	L	6843	1992	historical	Apr-1992	Peru	Homo sapiens	eaef62ac83d5d07e107c74145d975978ecff2080965113d0a25b4823907a6098	Oropouche virus strain TVP-19244/DEI-216 RNA polymerase gene, complete cds
MN264267.1	L	6852	2014	historical	26-May-2014	Haiti	Homo sapiens	e3ee194248a48b87f970bb4867e3b7f3e1b9032e91ce7c3ae99b7fd82270d933	Oropouche virus strain OV/Homo sapiens/Haiti-1/2014 segment large, complete sequence
MK506832.1	L	6852	2016	historical	Apr-2016	Ecuador	Homo sapiens	5d781eee99ae37e1407cb340a6716e510b59afbd51e1945967ca32d4d91b2437	Oropouche virus strain OROV/EC/Esmeraldas/210/2016 segment L, complete sequence
MK506831.1	L	6852	2016	historical	Apr-2016	Ecuador	Homo sapiens	3b43a3ee76c6baecee43c2b94efd48483e13bed5966c6d4700fb85de090a6c65	Oropouche virus strain OROV/EC/Esmeraldas/206/2016 segment L, complete sequence
MK506830.1	L	6852	2016	historical	Apr-2016	Ecuador	Homo sapiens	509d2f47f83817ef9838dbfa45e27558a68c01a8d6cf03436e05fc7227fdfb11	Oropouche virus strain OROV/EC/Esmeraldas/171/2016 segment L, complete sequence
MK506829.1	L	6852	2016	historical	Apr-2016	Ecuador	Homo sapiens	597a90f37fa980e94c299908de048f0a6ca204a6a537f78d74116e4c1029163d	Oropouche virus strain OROV/EC/Esmeraldas/155/2016 segment L, complete sequence
MK506828.1	L	6852	2016	historical	Apr-2016	Ecuador	Homo sapiens	46136d4e86ec2cf1230989e34e95d0e493cddf97b8afc641f77f411e5c6acc04	Oropouche virus strain OROV/EC/Esmeraldas/057/2016 segment L, complete sequence
MG747607.1	L	6852	1991	historical	1991	Brazil	Homo sapiens	273234c8937b9268c717dc1f1b544408dfa38fe68e1e2e5be3eb63a28a9a18e3	Oropouche virus isolate BeH 505768 segment L, complete sequence
MG747604.1	L	6852	1990	historical	1990	Brazil	Homo sapiens	05b40084719e0ad80fb9825dcaed51379cb73fcf0b47168ca71a03d574f487b7	Oropouche virus isolate BeH 498913 segment L, complete sequence
MG747601.1	L	6852	2006	historical	2006	Brazil	Homo sapiens	bc53334352e8062bcaba76deff099511b9cb0c6d5f07081fb9e0b69435b2d02b	Oropouche virus isolate BeH 708717 segment L, complete sequence
MG747598.1	L	6852	2006	historical	2006	Brazil	Homo sapiens	a85884f88a4bd0f8c3c6b2f6e9b95d2d5c2583ff5ad48170e57e281d8046716a	Oropouche virus isolate BeH 707287 segment L, complete sequence
MG747595.1	L	6852	2006	historical	2006	Brazil	Homo sapiens	90b02efcbda22c76eaddce41bade4502fe4d19ad45b58b7366a4d1c73a9da4e3	Oropouche virus isolate BeH 708139 segment L, complete sequence
MG747592.1	L	6852	2004	historical	2004	Brazil	Homo sapiens	a0b9b727b9e365d403c2cd0974fd0cf8ee40119c6e8fe00a55df423ff9c66e0f	Oropouche virus isolate PMOH 682431 segment L, complete sequence
MG747589.1	L	6852	2004	historical	2004	Brazil	Homo sapiens	0a9be90baf2c0f71a8f61f6ae9bf2fa2c30e618b6ff2a2404c75ab16871a02a6	Oropouche virus isolate PMOH 682426 segment L, complete sequence
MG747586.1	L	6852	2003	historical	2003	Brazil	Homo sapiens	47f21c7cb77902774026db01d0a540e818b4019ee3f5b89f5580c12784cd4335	Oropouche virus isolate PPS 523 H 669315 segment L, complete sequence
MG747583.1	L	6852	2003	historical	2003	Brazil	Homo sapiens	3ebbde1a7711085edbf194e722c5ecb7591b0fd13b1f3fc4399f0678c46e88d4	Oropouche virus isolate PPS 522 H 669314 segment L, complete sequence
MG747580.1	L	6852	1996	historical	1996	Brazil	Homo sapiens	54794527e125e04b4530f1b00aa1b1676f25bc5d73ee26c677674af5818a0919	Oropouche virus isolate BeH 543857 segment L, complete sequence
MG747577.1	L	6852	1996	historical	1996	Brazil	Homo sapiens	a2cab6ab01a2257d1207242815364b2480992479efd319175455af691639ab9d	Oropouche virus isolate BeH 543760 segment L, complete sequence
MG747574.1	L	6852	1996	historical	1996	Brazil	Homo sapiens	93cd0633898b952dfe0b9082485621ef6044f25f8812b566bae20e654914ebb9	Oropouche virus isolate BeH 543629 segment L, complete sequence
MG747571.1	L	6852	1994	historical	1994	Brazil	Homo sapiens	cee9acebb2da267882166cc6b2ed333d87ae2c7520fc854b0b37bcbaf33ff161	Oropouche virus isolate BeH 541140 segment L, complete sequence
MG747568.1	L	6852	1994	historical	1994	Brazil	Homo sapiens	3a35eaf14a53a2f779a663fbb489637fd6ad0b7bf408f1a2eafa86a3b0efc46a	Oropouche virus isolate BeH 532500 segment L, complete sequence
MG747565.1	L	6852	1994	historical	1994	Brazil	Homo sapiens	e0940b9cf2a6c42a7fbb582111b942bdf8df9b8483a4e13db1deff1b8f13cce4	Oropouche virus isolate BeH 532490 segment L, complete sequence
MG747562.1	L	6852	1994	historical	1994	Brazil	Homo sapiens	548fabd619d565c3b5ab79f92e7593092ece9cd2aaaed8423f583f52d2fe8b39	Oropouche virus isolate BeH 532422 segment L, complete sequence
MG747559.1	L	6852	1994	historical	1994	Brazil	Homo sapiens	64c5d9080ad9caa924f6e0b03c2f259f96bf45669a487b15f5a6266342a40588	Oropouche virus isolate BeH 532314 segment L, complete sequence
MG747556.1	L	6852	1980	historical	1980	Brazil	Homo sapiens	0d4d85eedc86efa2dbd4f172c84cf31e275e8ccbf06c4e7727c2bf267ae44e66	Oropouche virus isolate BeH 385591 segment L, complete sequence
MG747553.1	L	6852	1979	historical	1979	Brazil	Culicoides paraensis	49b0039c678a8bd367364ab239280166fa82a59c56b1669965d7dd269023a1a1	Oropouche virus isolate BeAr 366927 segment L, complete sequence
MG747550.1	L	6852	1978	historical	1978	Brazil	Homo sapiens	0d01659d9bbac503a16111f6ecd63295a96682544ba21028b90ed4696da74238	Oropouche virus isolate BeH 355173 segment L, complete sequence
MG747547.1	L	6852	1971	historical	1971	Brazil	Bradypus tridactylus	1ea94a80bc3bd10ca26f2610dacbf94494834070b8253ecc71d9677209ea68de	Oropouche virus isolate BeAn 208819 segment L, complete sequence
MG747544.1	L	6852	1971	historical	1971	Brazil	Bradypus tridactylus	c3560819d6a8dff3a9592380580605865c2a6856c068171f32c4f7e8dc93eaf9	Oropouche virus isolate BeAn 208402 segment L, complete sequence
MG747541.1	L	6852	1971	historical	1971	Brazil	Bradypus tridactylus	787f308a2c000a52bc6c64d3ff22d906cb3d97ccd2a40f80aa06a01944c64c91	Oropouche virus isolate BeAn 206119 segment L, complete sequence
MG747538.1	L	6852	1968	historical	1968	Brazil	Culex quinquefasciatus	b0fc89b1f6a2f7e811cb11365e068d34080dba9feb3bb4e81ba03872bc75b0e5	Oropouche virus isolate BeAr 136921 segment L, complete sequence
MG747535.1	L	6852	1967	historical	1967	Brazil	Homo sapiens	5f5a838e47f411e3ec19ef60806e2db5a649973368d490867ab3fc89b599eb9c	Oropouche virus isolate BeH 121923 segment L, complete sequence
MG747532.1	L	6852	1961	historical	1961	Brazil	Homo sapiens	411f3f01e0ef11f79ef885c77a88f8dcd33b2db7adafead3f2b89b62c673bf54	Oropouche virus isolate BeH 29090 segment L, complete sequence
MG747529.1	L	6852	1961	historical	1961	Brazil	Homo sapiens	d82aa7e3e2f183badb957ed57017b931cc608b3cca0fca0b85593c362157bd4c	Oropouche virus isolate BeH 29086 segment L, complete sequence
MG747526.1	L	6852	1960	historical	1960	Brazil	Ochlerotatus serratus	365967f57dada92bc3fdb275d394a3dda7473873bd6ccc35a175a9c6a59766e2	Oropouche virus isolate BeAr 19886 segment L, complete sequence
MG747523.1	L	6852	2000	historical	2000	Brazil	Callithrix sp.	edd2c48480c12b3b3d27f1d439d5c0f3cfee9195609e27e5b98f68f0231c90db	Oropouche virus isolate BeAn 626990 segment L, complete sequence
MG747520.1	L	6852	1993	historical	1993	Brazil	Homo sapiens	6a79929c31d27b611195091b998ab3d90664fcf4238a0d8f678a5123d99f13d6	Oropouche virus isolate BeH 421086 segment L, complete sequence
MG747517.1	L	6852	1988	historical	1988	Brazil	Homo sapiens	3d18cf06c4c197e4085386b8697191a4276f163d430a917deb4658f8f564fd3b	Oropouche virus isolate BeH 472435 segment L, complete sequence
MG747514.1	L	6852	1988	historical	1988	Brazil	Homo sapiens	35002a674583d033643abaf360ed7bc04141a23603b24ae71cbc69b841fd7450	Oropouche virus isolate BeH 472433 segment L, complete sequence
MG747511.1	L	6852	1980	historical	1980	Brazil	Homo sapiens	55b874a11a9283ecc4d82e95629e413604f76641fbcb977f56a613b8dc52efae	Oropouche virus isolate BeH 390242 segment L, complete sequence
MG747508.1	L	6852	1980	historical	1980	Brazil	Homo sapiens	95061b9ecc632bcd3b86f222764e6e76fa13baea2ecd2505536e6091c7e6826f	Oropouche virus isolate BeH 389865 segment L, complete sequence
MG747505.1	L	6852	1996	historical	1996	Brazil	Homo sapiens	adbfbae74464e435743c13837bd3a6eab6508742e9388dda10be726ca8176d9b	Oropouche virus isolate BeH 543100 segment L, complete sequence
NC_005776.1	L	6846		buffer/unknown				85e286e0489f4e856f940c6550267a63f103d173e4c213cbe44e66597197016d	Oropouche virus segment L, complete genome
MF926354.1	L	6852	2016	historical	01-Apr-2016	Ecuador	Homo sapiens	ed6fc601e48071e1a9be409efc6dfd00ea61468ff6ee567d08eb7e62c2b6e368	Oropouche virus strain OROV/EC/Esmeraldas/087/2016 segment L, complete sequence
MF620129.1	L	6852	1961	historical	13-Jan-1961			f1172dcf25c64b96e02d806b48e66a2ac34bdc6d6cef704819d60938fac12586	Oropouche virus culture NCPV:1409261v segment L, complete sequence
KP691603.1	L	6852	2009	historical	24-Jul-2009	Brazil	Homo sapiens	4c525f7c969d6170c06ca1f8dfb5a513e9d76526809cdb0bfe7e0fabc5868e11	Oropouche virus isolate BeH759024 segment L, complete sequence
KP691606.1	L	6852	2009	historical	23-Jul-2009	Brazil	Homo sapiens	3b45a562311c0f6c28ea9c5e3312938fa0f3cd07becca02ab7dc45866b02e7b3	Oropouche virus isolate BeH759021 segment L, complete sequence
KP691609.1	L	6852	2009	historical	24-Jul-2009	Brazil	Homo sapiens	54719d6d6be7e488abe31262197951818beeecb1c791c102cea7a10a99736c99	Oropouche virus isolate BeH759022 segment L, complete sequence
KP691612.1	L	6852	2009	historical	24-Jul-2009	Brazil	Homo sapiens	3ea9b9ede83029b7debf72353954005a0de5587326c2be88d66d1512b224e775	Oropouche virus isolate BeH759025 segment L, complete sequence
KP691615.1	L	6852	2009	historical	23-Jul-2009	Brazil	Homo sapiens	75b1bbb93aec3d72ff864911e51ebbaacaa6e3c7c862a3626a1cbb43dee3b2aa	Oropouche virus isolate BeH759040 segment L, complete sequence
KP691618.1	L	6852	2009	historical	17-Jun-2009	Brazil	Homo sapiens	a835cd6690d712f49573b4ae8971beea2f8fd65ed5334c1ce79914f5080580b4	Oropouche virus isolate BeH759529 segment L, complete sequence
KP691621.1	L	6852	2009	historical	23-Jun-2009	Brazil	Homo sapiens	35ed16fa5c736676ffdc1754842c61601e550683ddf584d4b033a4923ec0140a	Oropouche virus isolate BeH759620 segment L, complete sequence
KP691630.1	L	6852	2009	historical	20-Aug-2009	Brazil	Homo sapiens	c765949ef756e53a2c614ca1df2afb35306081fd8354167e1eebf22c1479365a	Oropouche virus isolate BeH759146 segment L, complete sequence
KP026179.1	L	6852	1955	historical	1955	Trinidad and Tobago: Trinidad, Sangre Grande		97860c6d2bb2cbeccc015843aa539b44481b95a8c40f413b05ee549b280eef6c	Oropouche virus strain TRVL9760 segment L, complete sequence
KP052850.1	L	6852	1960	historical	1960	Brazil	Bradypus tridactylus	8e59cb4c4b2629a4c36654049e3bb191f2314f75405b5ccfd5eaf051e5c1ec64	Oropouche virus strain BeAn19991 segment L, complete sequence
AF484424.1	L	6846		buffer/unknown				235df7ca098115e760651dcf16e0c69095dc37fff70e153c808a1f3fd8822b69	Oropouche virus segment L, complete sequence
PQ329254.1	M	4368	2024	outbreak	2024	Spain	Homo sapiens	44490613f83c9be8588c31c7c285773a922163722674f4c2ebc5e68708d583aa	Oropouche virus strain SP2024 segment M membrane polyprotein gene, complete cds
PV254804.1	M	4340	2024	outbreak	25-Jul-2024	Brazil: Alagoas	Homo sapiens	e0eae52f49a237b5b36583f38f65bfa403f809f3a75d1f225bddb493943fc2bb	Oropouche virus strain OROV_AL18 segment M, complete sequence
PV254803.1	M	4340	2024	outbreak	12-Aug-2024	Brazil: Alagoas	Homo sapiens	60b10ce7623a11a145be66338df67539e5301b97ac811ccf32ba08249b396cc3	Oropouche virus strain OROV_AL17 segment M, complete sequence
PV254802.1	M	4340	2024	outbreak	11-Aug-2024	Brazil: Alagoas	Homo sapiens	694dbaebeeea99b1bcf4ae18667249a98c29863f565b2696c0a7e218a12bb332	Oropouche virus strain OROV_AL16 segment M, complete sequence
PV254801.1	M	4340	2024	outbreak	02-Aug-2024	Brazil: Alagoas	Homo sapiens	7a4ae476a159f147a10a2356861c6956bd62267e7201f40b625e894f799c2b53	Oropouche virus strain OROV_AL15 segment M, complete sequence
PV254800.1	M	4340	2024	outbreak	15-Aug-2024	Brazil: Alagoas	Homo sapiens	07e491d52f873ab41cf84f371b7c545612340c83637d84e1075dcd7aecd3e3db	Oropouche virus strain OROV_AL14 segment M, complete sequence
PV254799.1	M	4340	2024	outbreak	30-Jul-2024	Brazil: Alagoas	Homo sapiens	7bfb8fb5afd093ca69018117372913a6c19f35a2996d81901512cf3255b32604	Oropouche virus strain OROV_AL13 segment M, complete sequence
PV254798.1	M	4340	2024	outbreak	08-Aug-2024	Brazil: Alagoas	Homo sapiens	02b87e04dcc58cb9d47a59cc126739f93822a23e3f51a70652d8e6c520240f51	Oropouche virus strain OROV_AL12 segment M, complete sequence
PV254797.1	M	4340	2024	outbreak	13-Aug-2024	Brazil: Alagoas	Homo sapiens	21bd21166732e0738d500005c630f13e32129ea5bacb8a0abfc1838198126253	Oropouche virus strain OROV_AL11 segment M, complete sequence
PV254796.1	M	4340	2024	outbreak	24-Jul-2024	Brazil: Alagoas	Homo sapiens	20d039f1f89d2d6e2e8a0b542710bfc726222704d35bb5b493ef9129b2f36a24	Oropouche virus strain OROV_AL07 segment M, complete sequence
PV254795.1	M	4340	2024	outbreak	15-Jul-2024	Brazil: Alagoas	Homo sapiens	f06a8b42350aab5da8a31421e4f261f1cfe44e31b43bd5873748c143b4cdc41a	Oropouche virus strain OROV_AL05 segment M, complete sequence
PV254794.1	M	4340	2024	outbreak	15-Jul-2024	Brazil: Alagoas	Homo sapiens	63c15c473915b1a768138b440b7c72ab010198f1453ec1f34b40a60f246b3c0c	Oropouche virus strain OROV_AL04 segment M, complete sequence
PV254793.1	M	4340	2024	outbreak	13-Jul-2024	Brazil: Alagoas	Homo sapiens	1a937c2c18a664622da34c58062cb4ca999b7cba5f41a990238dc6a6888fc324	Oropouche virus strain OROV_AL03 segment M, complete sequence
PV254792.1	M	4340	2024	outbreak	12-Jul-2024	Brazil: Alagoas	Homo sapiens	4b2b2c3e4b6aaa713812e7089bd0dae463fb82769a8cc8df904e329c2e58048a	Oropouche virus strain OROV_AL02 segment M, complete sequence
PV254791.1	M	4340	2024	outbreak	25-Jul-2024	Brazil: Alagoas	Homo sapiens	58e62a0704e1446df79838b74f58a32b88f46bb84a7a1177a85166c627183772	Oropouche virus strain OROV_AL42 segment M, complete sequence
PV254790.1	M	4340	2024	outbreak	25-Jul-2024	Brazil: Alagoas	Homo sapiens	9b0f0daa7bd62cd19f10c122699d0ff55a0ee0757ee1e4a08bfff9f202936a93	Oropouche virus strain OROV_AL41 segment M, complete sequence
PV254789.1	M	4340	2024	outbreak	25-Jul-2024	Brazil: Alagoas	Homo sapiens	0881363ce4ee264818ebc728d429baa2e88986a952eb093aded7b5a8e41078b2	Oropouche virus strain OROV_AL40 segment M, complete sequence
PV254788.1	M	4340	2024	outbreak	27-Jul-2024	Brazil: Alagoas	Homo sapiens	f114b1b420c0eda69686017b0d1fcd8c8d8a30ef17ed615a60526442d909492f	Oropouche virus strain OROV_AL39 segment M, complete sequence
PV254787.1	M	4340	2024	outbreak	25-Jul-2024	Brazil: Alagoas	Homo sapiens	521b757d7ff85b4d28c82339d5c0ec61e1315c2c3257061f0984cb62943909df	Oropouche virus strain OROV_AL38 segment M, complete sequence
PV254786.1	M	4340	2024	outbreak	25-Jul-2024	Brazil: Alagoas	Homo sapiens	849a0ebf28d83e3625daa4a06bd5e21f020271f0ba77f1aa1d89d3be26ad95df	Oropouche virus strain OROV_AL37 segment M, complete sequence
PV254785.1	M	4340	2024	outbreak	24-Jul-2024	Brazil: Alagoas	Homo sapiens	47d7b77ad3223af1e4626e4fbf6379ed17d120ca3be63846da04699ccd0e6120	Oropouche virus strain OROV_AL36 segment M, complete sequence
PV254784.1	M	4340	2024	outbreak	24-Jul-2024	Brazil: Alagoas	Homo sapiens	c40f82fc15f38778d8ca322f3389afb8440f4b31c95b8665fa9243d81664413d	Oropouche virus strain OROV_AL35 segment M, complete sequence
PV254783.1	M	4340	2024	outbreak	17-Jul-2024	Brazil: Alagoas	Homo sapiens	73d4a9efaac8eb61f8919be31f4d0fd2ab22e5e8d5f8fae95b85ad5efc46633c	Oropouche virus strain OROV_AL34 segment M, complete sequence
PV254782.1	M	4340	2024	outbreak	15-Jul-2024	Brazil: Alagoas	Homo sapiens	5e519886523296c345ac6a26ecf460dfc37b5a867ceeef23a781df9c732145fa	Oropouche virus strain OROV_AL33 segment M, complete sequence
PV254781.1	M	4340	2024	outbreak	15-Jul-2024	Brazil: Alagoas	Homo sapiens	fcff2f33ef34effeb367ec8639cd82821c88cf2ac9b28200640debe84beca008	Oropouche virus strain OROV_AL32 segment M, complete sequence
PV254780.1	M	4340	2024	outbreak	15-Jul-2024	Brazil: Alagoas	Homo sapiens	67fe22e0e3658580e32b46dd1321ad9053a5496dc6757aeb8c65c5334d92e7f4	Oropouche virus strain OROV_AL31 segment M, complete sequence
PV254779.1	M	4340	2024	outbreak	15-Jul-2024	Brazil: Alagoas	Homo sapiens	4d1a6557a5294eba8209929f669af00d3d1fc136c7ba29891a8abb5157dff14b	Oropouche virus strain OROV_AL30 segment M, complete sequence
PV254778.1	M	4340	2024	outbreak	12-Jul-2024	Brazil: Alagoas	Homo sapiens	add998b5c2aa1e3ea68978a1f0430286f89ba66f0229cc457fd79e1f748c4a80	Oropouche virus strain OROV_AL29 segment M, complete sequence
PV254777.1	M	4340	2024	outbreak	10-Jul-2024	Brazil: Alagoas	Homo sapiens	fa4798801518e6887669600ab4ebd6c12fe7b2f4369fefbec209b0fd3642b4a6	Oropouche virus strain OROV_AL28 segment M, complete sequence
PV254776.1	M	4340	2024	outbreak	13-Jul-2024	Brazil: Alagoas	Homo sapiens	b6e1241817c1419c16107b3a67957dc0645b494f8d685b45a169e74745857cf0	Oropouche virus strain OROV_AL27 segment M, complete sequence
PV254775.1	M	4340	2024	outbreak	12-Jul-2024	Brazil: Alagoas	Homo sapiens	63684f5ad0f45b734b305a93d7a3ec88748b82b98fd7b0b6650ebaf2e888917b	Oropouche virus strain OROV_AL26 segment M, complete sequence
PV254774.1	M	4340	2024	outbreak	13-Jul-2024	Brazil: Alagoas	Homo sapiens	146649f3119db835ee58fec3b0fd67624a3bcac0659342fa49653050e3d4c507	Oropouche virus strain OROV_AL25 segment M, complete sequence
PV254773.1	M	4340	2024	outbreak	11-Jul-2024	Brazil: Alagoas	Homo sapiens	597013c46124b7fc0ab2930c7043dc4d724059585e85ccd255e88a7d854acc8e	Oropouche virus strain OROV_AL24 segment M, complete sequence
PV254772.1	M	4340	2024	outbreak	23-Jul-2024	Brazil: Alagoas	Homo sapiens	d5e04aa83d0890066d6c22b77fae55ff23624121c874b4d57bd6c8893270bc45	Oropouche virus strain OROV_AL23 segment M, complete sequence
PV254771.1	M	4340	2024	outbreak	23-Jul-2024	Brazil: Alagoas	Homo sapiens	065f54360835ca66adeeeab08c5e1a75acfdfe46c49e3c00c10d73afcb5b5617	Oropouche virus strain OROV_AL22 segment M, complete sequence
PV254770.1	M	4340	2024	outbreak	23-Jul-2024	Brazil: Alagoas	Homo sapiens	cf8c65398c1ad48370ba7794c36fabf6ac55ae9363c46483ede07860fefe01d0	Oropouche virus strain OROV_AL21 segment M, complete sequence
PV254769.1	M	4340	2024	outbreak	23-Jul-2024	Brazil: Alagoas	Homo sapiens	dfa3577fa6765245e3c757fed8f07f035163c93c4b61a04ba3d61b6bf06f2ffe	Oropouche virus strain OROV_AL20 segment M, complete sequence
PV254768.1	M	4340	2024	outbreak	19-Jul-2024	Brazil: Alagoas	Homo sapiens	63451c5fdc89459e441fb7b461e53e2c87b0c6d1e6402ca21b8b6a68bffaf4b6	Oropouche virus strain OROV_AL19 segment M, complete sequence
PQ683510.1	M	4387		buffer/unknown		Peru	Homo sapiens	95459daf1571ef3fa2add124fcad26a2fede077b685397152d14858556ff0dec	Oropouche virus isolate 097471 membrane polyprotein gene, complete cds
PV419654.1	M	4345	2024	outbreak	06-Feb-2024	Peru: Loreto	Homo sapiens	f9747f71d4e4736ee293733d7ff4fed37b9720ca868bbe78305690feff6a8e50	Oropouche virus isolate 103839 segment M membrane polyprotein gene, complete cds
PQ801465.1	M	4385	1991	historical	1991	Brazil	Homo sapiens	127fff51c9a7a7f86e3716963f2d9f6704a8507e1c909969252bc0668684de54	Oropouche virus strain BeH 504514 segment M, complete sequence
PQ683513.1	M	4387		buffer/unknown		Peru	Homo sapiens	6b27f9a7c8c0c53d19ddeafe242c00da220ad253eb901704ee9da2f5fe62c98f	Oropouche virus isolate 100592 membrane polyprotein gene, complete cds
PQ683507.1	M	4387		buffer/unknown		Peru	Homo sapiens	99e6109fc96487f2983abfa382370f5f501824ceffbcb1f657e2e09617665851	Oropouche virus isolate 096374 membrane polyprotein gene, complete cds
PQ550996.1	M	4263	2024	outbreak	11-May-2024	Brazil: Sao Paulo, Itanhaem	Homo sapiens; 29y; female	47093736c9532af4a76e92b986325e3efee42b92ba73353284908053bab31c14	Oropouche virus isolate LEIAL3270 segment M membrane polyprotein (M) gene, complete cds
PQ417949.1	M	4407	2024	outbreak	13-Jul-2024	Cuba	Homo sapiens	24cb1ec39301080300fd48e7c3a8f8828611a9d127bec29f969b30ea8c231b25	Oropouche virus isolate 2400023 segment M membrane polyprotein gene, complete cds
PQ363069.1	M	4385	2024	outbreak	13-Aug-2024	Italy: IRCCS Sacro Cuore Don Calabria, Negrar di Valpolicella, VR	Homo sapiens; male	fb5b0b149b34faa9803d30ddda35adec296a87c9fe6262170060758e8f1c8ff6	Oropouche virus isolate IRCCS-SCDC_2/2024 segment M, complete sequence
PP952118.3	M	4343	2024	outbreak	Jun-2024	Italy: IRCCS Sacro Cuore Don Calabria, Negrar di Valpolicella, VR	Homo sapiens; sex: female	cde5ade5defbad94515507e51477d3cfd2583e5d8c083b55742f1b226e05c1ac	Oropouche virus isolate IRCCS-SCDC_1/2024 segment M membrane polyprotein gene, complete cds
PP477320.1	M	4387	2024	outbreak	2024-02-08	Colombia	Homo sapiens	5c9e6605e5545644166639c00949560f95e37db66c9732441c4f37e829f87a20	Oropouche virus isolate LET-2093 segment M, complete sequence
PP477319.1	M	4103	2024	outbreak	2024-02-15	Colombia	Homo sapiens	c8ed1429b625a3d4e3c187a090a7cc352e7ad732ec723a7e4901d0e40c8fd94a	UNVERIFIED: Oropouche virus isolate LET-2116 polyprotein-like (M) gene, complete sequence
PP477318.1	M	4387	2024	outbreak	2024-02-06	Colombia	Homo sapiens	f3e38f605c0162bdeff368253538b73781f56ca0bd24ba218b5b1c14f9cdc569	Oropouche virus isolate LET-2088 segment M, complete sequence
PP477317.1	M	4387	2024	outbreak	2024-02-12	Colombia	Homo sapiens	9f7506d2846289105229fec49fe800355d420fb5abcc0f276344346d7c16d858	UNVERIFIED: Oropouche virus isolate LET-2099 polyprotein-like (M) gene, complete sequence
PP477316.1	M	4387	2024	outbreak	2024-02-13	Colombia	Homo sapiens	a63103a15ca81c15eefbce01fc9761c6915d84b05a628739c56296e4e6b21d31	UNVERIFIED: Oropouche virus isolate LET-2102 polyprotein-like (M) gene, complete sequence
PP477315.1	M	4387	2024	outbreak	2024-02-05	Colombia	Homo sapiens	94dbd995ab3293d1e6db64206ae47489b9b76589bc4dadd40ee9a9ca77317b8e	Oropouche virus isolate LET-2083 segment M, complete sequence
PQ197413.1	M	4354	2024	outbreak	17-Apr-2024	Brazil: Espirito Santo, Laranja da Terra	Homo sapiens; female; 12 years	551ce2c56fa5d203f3d442152246ed791d387f119e8f9099d4f08b95722d45bd	Oropouche virus isolate LEIAL2081 segment M, complete sequence
PQ197410.1	M	4354	2024	outbreak	17-Apr-2024	Brazil: Espirito Santo, Laranja da Terra	Homo sapiens; female; 45 years	77f5a6333c22b5c514ef912db60ef6db64bc6f976dd393ad5c90716c8041951a	Oropouche virus isolate LEIAL2080 segment M, complete sequence
PQ197407.1	M	4354	2024	outbreak	24-Mar-2024	Brazil: Espirito Santo, Rio Bananal	Homo sapiens; male; 60 years	5231a7a6212d66abdb8039c6329c0d936d2eb992039769548ff59d7bc4fb6eb9	Oropouche virus isolate LEIAL2079 segment M, complete sequence
PQ197404.1	M	4354	2024	outbreak	22-Apr-2024	Brazil: Espirito Santo, Rio Bananal	Homo sapiens; male; 32 years	739f704fdb8284540d42879b647623f9214b924fcfefb2275a1fdcce5585e1a0	Oropouche virus isolate LEIAL2078 segment M, complete sequence
PQ197401.1	M	4354	2024	outbreak	15-Apr-2024	Brazil: Espirito Santo, Colatina	Homo sapiens; male; 53 years	dd8cb2fccfb84da29e3cd7e3247b8b77cba962004eff3f9fa57b7373f4b1471e	Oropouche virus isolate LEIAL2077 segment M, complete sequence
PQ197398.1	M	4354	2024	outbreak	12-Apr-2024	Brazil: Espirito Santo, Colatina	Homo sapiens; female; 43 years	4da64c69c451079ae97bf7b4491bada81cc3970735e0017810d2e937712142a3	Oropouche virus isolate LEIAL2076 segment M, complete sequence
PQ197395.1	M	4354	2024	outbreak	22-Jan-2024	Brazil: Sao Paulo, Sao Paulo	Homo sapiens; male; 33 years	02925ef6ca5ca57ae775db6536f092f77e6db668aa45e5114a1cd0ce69228e80	Oropouche virus isolate LEIAL1495 segment M, complete sequence
PQ185969.1	M	4263	2024	outbreak	25-Apr-2024	Brazil: Sao Paulo, Cajati	Homo sapiens	a037e32e27687f49fbf49d5f7593c4e9f63162a72e1e103e548dab652a7dbf30	Oropouche virus isolate SP/IAL/LEIAL2938R/2024 segment M polyprotein (M) gene, complete cds
PQ185968.1	M	4263	2024	outbreak	22-Apr-2024	Brazil: Sao Paulo, Cajati	Homo sapiens	5d77813aa114f63e494d281edb38b322fd218b6e55e45def5bf8c452123ac01d	Oropouche virus isolate SP/IAL/LEIAL2937R/2024 segment M polyprotein (M) gene, complete cds
PQ149813.1	M	4370	2024	outbreak	10-May-2024	Brazil: Camamu, Bahia	Homo sapiens	4e6d9bc26d2366c192586302fe1b459e2de48e221820ff05aba3b280c4b9717c	Oropouche virus isolate LBA20240628_METAOROV_barcode21 segment M membrane polyprotein (Mgp1) gene, complete cds
PQ149810.1	M	4370	2024	outbreak	27-Mar-2024	Brazil: Valenca, Bahia	Homo sapiens	5ed1131c189d2362f54d4915f2d2e998487b7a02e20d7abffeb66a71d35111e7	Oropouche virus isolate LBA20240628_METAOROV_barcode20 segment M membrane polyprotein (Mgp1) gene, complete cds
PQ168429.1	M	4376	2024	outbreak	25-Apr-2024	Brazil: Campo Verde, Mato Grosso	Homo sapiens	6c2ddf4861871335f8e2505f59280302236b68c05c66959c26f08bd9e8ddeaba	Oropouche virus isolate OROV_MT_31-2024 segment M membrane polyprotein (OROVsMgp1) gene, complete cds
PQ168428.1	M	4374	2024	outbreak	24-Apr-2024	Brazil: Rosario Oeste, Mato Grosso	Homo sapiens	910b632cfeb347bd223e5380b584a3c9e40340e0719ed265caf7e6ff29a71897	Oropouche virus isolate OROV_MT_28-2024 segment M membrane polyprotein (OROVsMgp1) gene, complete cds
PQ168427.1	M	4382	2024	outbreak	25-Apr-2024	Brazil: Rosario Oeste, Mato Grosso	Homo sapiens	f52c15e291a08b873140aa1aada6224f287166a47f490c92e4a960d5386328bb	Oropouche virus isolate OROV_MT_27-2024 segment M membrane polyprotein (OROVsMgp1) gene, complete cds
PQ168426.1	M	4381	2024	outbreak	25-Apr-2024	Brazil: Rosario Oeste, Mato Grosso	Homo sapiens	28171b2115ebd30a78f9820c2a1d470e7cfcf56bd3e9b7f158df66de0e2e907e	Oropouche virus isolate OROV_MT_26-2024 segment M membrane polyprotein (OROVsMgp1) gene, complete cds
PQ168425.1	M	4373	2024	outbreak	24-Apr-2024	Brazil: Rosario Oeste, Mato Grosso	Homo sapiens	972be504f8241c15867f1788fd64ecc5c4e795d1421faf7b5bb40bf35100aacb	Oropouche virus isolate OROV_MT_24-2024 segment M membrane polyprotein (OROVsMgp1) gene, complete cds
PQ168424.1	M	4373	2024	outbreak	24-Apr-2024	Brazil: Rosario Oeste, Mato Grosso	Homo sapiens	591cee7b50dc4a73228be20dba74c5cc2dc9255b06faf199cb0eb4000c738947	Oropouche virus isolate OROV_MT_23-2024 segment M membrane polyprotein (OROVsMgp1) gene, complete cds
PQ168423.1	M	4368	2024	outbreak	23-Apr-2024	Brazil: Rosario Oeste, Mato Grosso	Homo sapiens	d1ccd0424dde9907d679a03374970b76b09cb2a61814a72454ebb4355376ae94	Oropouche virus isolate OROV_MT_18-2024 segment M membrane polyprotein (OROVsMgp1) gene, complete cds
PQ168422.1	M	4373	2024	outbreak	17-Apr-2024	Brazil: Rosario Oeste, Mato Grosso	Homo sapiens	6ee2cfe3e6a8d4b72c3a52c4b74cbc49832931bff4cbbfc957293bad1af6c74f	Oropouche virus isolate OROV_MT_13-2024 segment M membrane polyprotein (OROVsMgp1) gene, complete cds
PQ168421.1	M	4371	2024	outbreak	16-Apr-2024	Brazil: Rosario Oeste, Mato Grosso	Homo sapiens	b5fee9a56eeaa8c072218f6b30ad0f9d5df677236d2af3fd82a6892e22b8f637	Oropouche virus isolate OROV_MT_12-2024 segment M membrane polyprotein (OROVsMgp1) gene, complete cds
PQ168420.1	M	4351	2024	outbreak	10-Apr-2024	Brazil: Laje, Bahia	Homo sapiens	13c9cf14d5e8c4c9c389d479b5d763bb88bba51ac9edc45593b61ff5eb344c8f	Oropouche virus isolate 293626494 segment M membrane polyprotein (OROVsMgp1) gene, complete cds
PQ168419.1	M	4357	2024	outbreak	09-Apr-2024	Brazil: Laje, Bahia	Homo sapiens	97c9fb1f6ae558b012ada133258b6405f2c96ff9203ee60e9b948caa28bf7247	Oropouche virus isolate 293622352 segment M membrane polyprotein (OROVsMgp1) gene, complete cds
PQ168418.1	M	4336	2024	outbreak	09-Apr-2024	Brazil: Laje, Bahia	Homo sapiens	e04d86430c8846d9ba07f42a3ea7e154b21ab24bf9bf75803d9f5164f8aab978	Oropouche virus isolate 293622240 segment M membrane polyprotein (OROVsMgp1) gene, complete cds
PQ168417.1	M	4358	2024	outbreak	03-Apr-2024	Brazil: Salvador, Bahia	Homo sapiens	8cb1143eeeda8ec25ac233295ce0a8acdf4eb1e72193977cca2e0f67a1e72eb1	Oropouche virus isolate 293604448 segment M membrane polyprotein (OROVsMgp1) gene, complete cds
PQ168416.1	M	4362	2024	outbreak	20-Mar-2024	Brazil: Teolandia, Bahia	Homo sapiens	ce8a9788d5f0b6ec4c26d4199cfac059861f1b9b0148e11ce60427d2d8d98170	Oropouche virus isolate 293566272 segment M membrane polyprotein (OROVsMgp1) gene, complete cds
PQ168415.1	M	4357	2024	outbreak	20-Mar-2024	Brazil: Teolandia, Bahia	Homo sapiens	216ecbb5f2d3e94f8d00eb6b36e83ff19328bcd2d4df14bfa89278014e16d5d4	Oropouche virus isolate 293566265 segment M membrane polyprotein (OROVsMgp1) gene, complete cds
PQ168414.1	M	4351	2024	outbreak	19-Mar-2024	Brazil: Teolandia, Bahia	Homo sapiens	d5e25bd0d3e40336c6b4fd68e09976735b1c5cd5d5779a57195786e7981338b6	Oropouche virus isolate 293566221 segment M membrane polyprotein (OROVsMgp1) gene, complete cds
PQ168413.1	M	4362	2024	outbreak	20-Mar-2024	Brazil: Laje, Bahia	Homo sapiens	27259a1471276d590422c2f073ec9af0c8ac3c30b414429d0332872cd7c423fd	Oropouche virus isolate 293566193 segment M membrane polyprotein (OROVsMgp1) gene, complete cds
PQ168412.1	M	4351	2024	outbreak	19-Mar-2024	Brazil: Teolandia, Bahia	Homo sapiens	3bbb0d41d378aa8cf3c81f8f247e646fde825f5db126798f33124d7f3c16d4bf	Oropouche virus isolate 293566164 segment M membrane polyprotein (OROVsMgp1) gene, complete cds
PQ168411.1	M	4363	2024	outbreak	18-Mar-2024	Brazil: Teolandia, Bahia	Homo sapiens	e9648ada6646d170b3fee41f8228ce6fc0d4b7a21ff13f212867255ed8519aa9	Oropouche virus isolate 293566066 segment M membrane polyprotein (OROVsMgp1) gene, complete cds
PQ168410.1	M	4355	2024	outbreak	19-Mar-2024	Brazil: Teolandia, Bahia	Homo sapiens	9db142a0cb3a91052f409157e178e23fc7d71afd0dd66501af9611461ac59663	Oropouche virus isolate 293566149 segment M membrane polyprotein (OROVsMgp1) gene, complete cds
PQ168409.1	M	4364	2024	outbreak	20-Mar-2024	Brazil: Teolandia, Bahia	Homo sapiens	aec5a849b5564793c1bacf98345077bd32e0ee660262c959fc40197b08ca252c	Oropouche virus isolate 293565817 segment M membrane polyprotein (OROVsMgp1) gene, complete cds
PQ168408.1	M	4355	2024	outbreak	18-Mar-2024	Brazil: Teolandia, Bahia	Homo sapiens	d3d27bf1639f9bf2ac7a6b6d3f99f97096bd7a09e4aec902f44a63f32e7e4f07	Oropouche virus isolate 293560411 segment M membrane polyprotein (OROVsMgp1) gene, complete cds
PQ168407.1	M	4351	2024	outbreak	18-Mar-2024	Brazil: Teolandia, Bahia	Homo sapiens	b62ea5e84c75984c5ce17558d291586bf0f2fd807ead43d97f05a4935643699c	Oropouche virus isolate 293560388 segment M membrane polyprotein (OROVsMgp1) gene, complete cds
PQ168406.1	M	4357	2024	outbreak	18-Mar-2024	Brazil: Taperoa, Bahia	Homo sapiens	39f721fab732e3c91adb606a6fed2539098722065fcef8a57274da34126c6957	Oropouche virus isolate 293560344 segment M membrane polyprotein (OROVsMgp1) gene, complete cds
PQ168405.1	M	4351	2024	outbreak	18-Mar-2024	Brazil: Teolandia, Bahia	Homo sapiens	5985a3722426494d7e3f30badfd9bcadddaaa050624c2a08872981ac862c16e4	Oropouche virus isolate 293560307 segment M membrane polyprotein (OROVsMgp1) gene, complete cds
PQ168404.1	M	4347	2024	outbreak	17-Mar-2024	Brazil: Teolandia, Bahia	Homo sapiens	ed0c64c4051b560c8855fd8e46aff764c29c0381b25e176e804a152a89e588a5	Oropouche virus isolate 293560184 segment M membrane polyprotein (OROVsMgp1) gene, complete cds
PQ168403.1	M	4362	2024	outbreak	14-Mar-2024	Brazil: Laje, Bahia	Homo sapiens	1694be8905a7821d0e7c3dac67700f14be20cec503f64e3b63c7618cd1da5c05	Oropouche virus isolate 293548642 segment M membrane polyprotein (OROVsMgp1) gene, complete cds
PQ168402.1	M	4336	2024	outbreak	10-Mar-2024	Brazil: Valenca, Bahia	Homo sapiens	8515e01018a1350852c7bd0ab7fba2f7bb89c31cb6bc7634c47bf1d263d575fc	Oropouche virus isolate 293548002 segment M membrane polyprotein (OROVsMgp1) gene, complete cds
PQ168401.1	M	4360	2024	outbreak	14-Mar-2024	Brazil: Teolandia, Bahia	Homo sapiens	c02a5327220e540d9b94c4fba3a386a836bf3eef8549710877fb7b2d8ce94101	Oropouche virus isolate 293547121 segment M membrane polyprotein (OROVsMgp1) gene, complete cds
PQ168400.1	M	4352	2024	outbreak	14-Mar-2024	Brazil: Teolandia, Bahia	Homo sapiens	bceb6ae9840858a6289e6e549a17f3fd1980b36ce69a651016e1c97df323ce9f	Oropouche virus isolate 293547081 segment M membrane polyprotein (OROVsMgp1) gene, complete cds
PQ168399.1	M	4369	2024	outbreak	14-Mar-2024	Brazil: Teolandia, Bahia	Homo sapiens	5b61fb76b5946477341b063808b71d876633903a5b09fea307bb18266b5a745c	Oropouche virus isolate 293547052 segment M membrane polyprotein (OROVsMgp1) gene, complete cds
PQ168398.1	M	4362	2024	outbreak	11-Mar-2024	Brazil: Laje, Bahia	Homo sapiens	7c05a5c7c46fa99f1db41c61cca7fdd78646b2548ad1e3c93b6878f3061dc414	Oropouche virus isolate 293533707 segment M membrane polyprotein (OROVsMgp1) gene, complete cds
PQ168397.1	M	4347	2024	outbreak	11-Mar-2024	Brazil: Laje, Bahia	Homo sapiens	71f07acbeb8542b8604cf16fdfc68e0b0356a424b1ec4ae0cd9e768d1ef96aca	Oropouche virus isolate 293533690 segment M membrane polyprotein (OROVsMgp1) gene, complete cds
PQ168396.1	M	4356	2024	outbreak	11-Mar-2024	Brazil: Laje, Bahia	Homo sapiens	85a7101b4e0d688afebbfc03fbbdcb6618bd405c78b3362ec26a3243d5bb67c3	Oropouche virus isolate 293533641 segment M membrane polyprotein (OROVsMgp1) gene, complete cds
PQ168395.1	M	4347	2024	outbreak	08-Mar-2024	Brazil: Valenca, Bahia	Homo sapiens	2c53bacb291b4276f513ab83386704117b9ed26449e8324ef4c416eb263ebaae	Oropouche virus isolate 293526352 segment M membrane polyprotein (OROVsMgp1) gene, complete cds
PQ168394.1	M	4350	2024	outbreak	07-Mar-2024	Brazil: Teolandia, Bahia	Homo sapiens	b0bd2592eb640471f80498c25a4b8fcdef6c4c47f93c43a9af45866925bed309	Oropouche virus isolate 293522785 segment M membrane polyprotein (OROVsMgp1) gene, complete cds
PQ168393.1	M	4356	2024	outbreak	06-Mar-2024	Brazil: Laje, Bahia	Homo sapiens	45b237862fa0635c1f5c7bce401559e58bf7d138bff05405a060387878328755	Oropouche virus isolate 293519845 segment M membrane polyprotein (OROVsMgp1) gene, complete cds
PQ168392.1	M	4357	2024	outbreak	06-Mar-2024	Brazil: Teolandia, Bahia	Homo sapiens	ad1b720cab490836f5505e453fa1920043f1834cfb304f737ebee84f431f4c6d	Oropouche virus isolate 293518040 segment M membrane polyprotein (OROVsMgp1) gene, complete cds
PQ168391.1	M	4358	2024	outbreak	01-Mar-2024	Brazil: Laje, Bahia	Homo sapiens	169554ec6d250c6d8db71eb6572652204c56eb995cdfbb99a69782d026ad6379	Oropouche virus isolate 293505235 segment M membrane polyprotein (OROVsMgp1) gene, complete cds
PQ168390.1	M	4364	2024	outbreak	01-Mar-2024	Brazil: Valenca, Bahia	Homo sapiens	d5d9175491185e52dc5ab26bb663ecea288bcf271bd5163ee83b238774e4129a	Oropouche virus isolate 293505226 segment M membrane polyprotein (OROVsMgp1) gene, complete cds
PQ168389.1	M	4353	2024	outbreak	28-Feb-2024	Brazil: Laje, Bahia	Homo sapiens	7f4f2913f30c96aa37fbd4d83b4e7c9817dbcabad084c733e031dd3f8b20316c	Oropouche virus isolate 293498120 segment M membrane polyprotein (OROVsMgp1) gene, complete cds
PQ168388.1	M	4367	2024	outbreak	03-May-2024	Brazil: Timoteo, Minas Gerais	Homo sapiens	98dac8796d9d445988d5b449ab237956a881ca2553c71bb6902c59af31201872	Oropouche virus isolate OROV_120483-24-BM segment M membrane polyprotein (OROVsMgp1) gene, complete cds
PQ168387.1	M	4366	2024	outbreak	10-May-2024	Brazil: Timoteo, Minas Gerais	Homo sapiens	efd7ae78d6ca100aeeae26491d5ef7d3882514acfb950526a8668a0d8293ed77	Oropouche virus isolate OROV_120478-24-BM segment M membrane polyprotein (OROVsMgp1) gene, complete cds
PQ168386.1	M	4361	2024	outbreak	07-May-2024	Brazil: Coronel Fabriciano, Minas Gerais	Homo sapiens	f760a352c36b5959cbb42367707fe6392dfec1583b47fcfd62c5d595d390dc61	Oropouche virus isolate OROV_120470-24-BM segment M membrane polyprotein (OROVsMgp1) gene, complete cds
PQ168385.1	M	4367	2024	outbreak	07-May-2024	Brazil: Coronel Fabriciano, Minas Gerais	Homo sapiens	7a1c3963f532258fa35d200955906ca480065ad6a6d2e24e8556e1d016dd2eb8	Oropouche virus isolate OROV_120469-24-BM segment M membrane polyprotein (OROVsMgp1) gene, complete cds
PQ168384.1	M	4353	2024	outbreak	02-May-2024	Brazil: Coronel Fabriciano, Minas Gerais	Homo sapiens	73cebfd2d8cc7e3830d7eb9ce3518f7671154fd015c53f595120c61280dd1f6a	Oropouche virus isolate OROV_120466-24-BM segment M membrane polyprotein (OROVsMgp1) gene, complete cds
PQ168383.1	M	4337	2024	outbreak	08-May-2024	Brazil: Timoteo, Minas Gerais	Homo sapiens	c84c9873d8f0e3cd0c9aa5bada145c8eae97d43465cd26cc1a8d6143ad30571d	Oropouche virus isolate OROV_120464-24-BM segment M membrane polyprotein (OROVsMgp1) gene, complete cds
PQ168382.1	M	4360	2024	outbreak	10-May-2024	Brazil: Coronel Fabriciano, Minas Gerais	Homo sapiens	13a52b60fc6acee499930e39bf187f6a272f7d49fe8424f84970228236748bc7	Oropouche virus isolate OROV_120463-24-BM segment M membrane polyprotein (OROVsMgp1) gene, complete cds
PQ168381.1	M	4355	2024	outbreak	06-May-2024	Brazil: Timoteo, Minas Gerais	Homo sapiens	5ebeed3a92e7c51dde31128b34ef7d0e1d78cb48d4dee8760ced4ff5eb0e9d4d	Oropouche virus isolate OROV_120456-24-BM segment M membrane polyprotein (OROVsMgp1) gene, complete cds
PQ168380.1	M	4367	2024	outbreak	04-Apr-2024	Brazil: Joanesia, Minas Gerais	Homo sapiens	24f0211d38fc6968d71285b2f1efd9da6aa7f12088b261ec0070b0b7edc02926	Oropouche virus isolate OROV_107560-24-BM segment M membrane polyprotein (OROVsMgp1) gene, complete cds
PQ168379.1	M	4342	2024	outbreak	05-Apr-2024	Brazil: Joanesia, Minas Gerais	Homo sapiens	9e1d0cbf2cbf684d260faf0e93934ef3a0eb0aca0d0af7a084047d42429e25f7	Oropouche virus isolate OROV_107559-24-BM segment M membrane polyprotein (OROVsMgp1) gene, complete cds
PQ168378.1	M	4355	2024	outbreak	10-Apr-2024	Brazil: Joanesia, Minas Gerais	Homo sapiens	ebe0644afb574e93565dc9f6f8fba3893d25ef58ca13d159fb87322faff67428	Oropouche virus isolate OROV_107558-24-BM segment M membrane polyprotein (OROVsMgp1) gene, complete cds
PQ168377.1	M	4367	2024	outbreak	08-Apr-2024	Brazil: Joanesia, Minas Gerais	Homo sapiens	6cad5aa154e54c1e7da09b471c1528e1709804980c9b8fbb3baba3d35c69132f	Oropouche virus isolate OROV_107557-24-BM segment M membrane polyprotein (OROVsMgp1) gene, complete cds
PQ168376.1	M	4367	2024	outbreak	05-Apr-2024	Brazil: Joanesia, Minas Gerais	Homo sapiens	95311fa665b1028cb28ca5a5eaddacca21b86745c97b9354ac0e107636db73a3	Oropouche virus isolate OROV_107554-24-BM segment M membrane polyprotein (OROVsMgp1) gene, complete cds
PQ168375.1	M	4369	2024	outbreak	08-Apr-2024	Brazil: Joanesia, Minas Gerais	Homo sapiens	ff3340f2d0b273c7f093c5de5a06a0b08be8ae5f5d77f4dcf34a0cf80c193ee4	Oropouche virus isolate OROV_107553-24-BM segment M membrane polyprotein (OROVsMgp1) gene, complete cds
PQ168374.1	M	4360	2024	outbreak	09-Apr-2024	Brazil: Joanesia, Minas Gerais	Homo sapiens	1d1f77b80cd430ce5e1683cda5a60f7e16f93579f21483bc7bf82cded5ca6952	Oropouche virus isolate OROV_107550-24-BM segment M membrane polyprotein (OROVsMgp1) gene, complete cds
PQ168373.1	M	4367	2024	outbreak	08-Apr-2024	Brazil: Joanesia, Minas Gerais	Homo sapiens	e48792fbc139f6e9dbe2a93149d0aebcd10b974f63e0f668ca714f93e4bff8cf	Oropouche virus isolate OROV_107549-24-BM segment M membrane polyprotein (OROVsMgp1) gene, complete cds
PQ168372.1	M	4371	2024	outbreak	08-Apr-2024	Brazil: Joanesia, Minas Gerais	Homo sapiens	8a67c11b58febc32ea0fe65fe2b3d9be15762e8238d6b6207eb59ab4297fd0f8	Oropouche virus isolate OROV_107546-24-BM segment M membrane polyprotein (OROVsMgp1) gene, complete cds
PQ168371.1	M	4341	2024	outbreak	08-Apr-2024	Brazil: Joanesia, Minas Gerais	Homo sapiens	2df0f50994c734002db14cd718bd1fd40456daedb769a410f4846a2b7246c825	Oropouche virus isolate OROV_107545-24-BM segment M membrane polyprotein (OROVsMgp1) gene, complete cds
PQ168370.1	M	4367	2024	outbreak	09-Apr-2024	Brazil: Joanesia, Minas Gerais	Homo sapiens	2d18224f1472df1a622e99e23bdf5098b6403dd41d2d494604e08826e4c4698b	Oropouche virus isolate OROV_107544-24-BM segment M membrane polyprotein (OROVsMgp1) gene, complete cds
PQ168369.1	M	4352	2024	outbreak	10-Apr-2024	Brazil: Joanesia, Minas Gerais	Homo sapiens	d4ebf00d7a47e94d070b83f4de1552c0067ee86307a49a4e527d1bd2bf4bbd27	Oropouche virus isolate OROV_107540-24-BM segment M membrane polyprotein (OROVsMgp1) gene, complete cds
PQ168368.1	M	4367	2024	outbreak	04-Apr-2024	Brazil: Joanesia, Minas Gerais	Homo sapiens	396618a7ab02f4e4964ee95b52cf4afa27f400475f616d7fa75c9af09fd0a4af	Oropouche virus isolate OROV_107539-24-BM segment M membrane polyprotein (OROVsMgp1) gene, complete cds
PQ168367.1	M	4344	2024	outbreak	08-Apr-2024	Brazil: Joanesia, Minas Gerais	Homo sapiens	f4869686fe376607c947b568e3c03db22e3cfbdc71afe861eab41887843dd502	Oropouche virus isolate OROV_107536-24-BM segment M membrane polyprotein (OROVsMgp1) gene, complete cds
PQ168366.1	M	4341	2024	outbreak	08-Apr-2024	Brazil: Joanesia, Minas Gerais	Homo sapiens	c42f789e36c3f341bc7aac1d3e68f5ac09783abf4451f306a5c27c331e683772	Oropouche virus isolate OROV_107534-24-BM segment M membrane polyprotein (OROVsMgp1) gene, complete cds
PQ168365.1	M	4366	2024	outbreak	08-Apr-2024	Brazil: Joanesia, Minas Gerais	Homo sapiens	b65e52bf7b9c99b3d25cdad7797fbe2a2bcb66f0b782e3cd27944c96f8010468	Oropouche virus isolate OROV_107532-24-BM segment M membrane polyprotein (OROVsMgp1) gene, complete cds
PQ168364.1	M	4344	2024	outbreak	04-Apr-2024	Brazil: Joanesia, Minas Gerais	Homo sapiens	af44e858c5efd1dfc4e8cfafbbc696018573b191ae38da8f5658a2f51c1fbc40	Oropouche virus isolate OROV_107531-24-BM segment M membrane polyprotein (OROVsMgp1) gene, complete cds
PQ168363.1	M	4366	2024	outbreak	05-Apr-2024	Brazil: Joanesia, Minas Gerais	Homo sapiens	389d0179216e24da4854f3e6c0d4fc81539a01cf59b9aff39e106b229981bf97	Oropouche virus isolate OROV_107530-24-BM segment M membrane polyprotein (OROVsMgp1) gene, complete cds
PQ168362.1	M	4367	2024	outbreak	03-Apr-2024	Brazil: Joanesia, Minas Gerais	Homo sapiens	ad31e1f9bf2c9ec1d7d42cddfbfaae6715018629c1cadcfabd9362c8edea53b0	Oropouche virus isolate OROV_101885-24-BM segment M membrane polyprotein (OROVsMgp1) gene, complete cds
PQ168361.1	M	4367	2024	outbreak	01-Apr-2024	Brazil: Joanesia, Minas Gerais	Homo sapiens	44e47151a0148d700a23dbac3e4ef4e6ec2b2ef6b44f3859a37d5d4333eeda95	Oropouche virus isolate OROV_101878-24-BM segment M membrane polyprotein (OROVsMgp1) gene, complete cds
PQ168360.1	M	4359	2024	outbreak	02-Apr-2024	Brazil: Joanesia, Minas Gerais	Homo sapiens	109f4ba0d54916c14518a552a63a023f6985b588698baadfe9f1eddbe84408db	Oropouche virus isolate OROV_101877-24-BM segment M membrane polyprotein (OROVsMgp1) gene, complete cds
PQ168359.1	M	4361	2024	outbreak	02-Apr-2024	Brazil: Joanesia, Minas Gerais	Homo sapiens	4b97a7a13ed183b8dd7b9bc5f65718c75984b024b03bbbf26c517b39a4a19855	Oropouche virus isolate OROV_101876-24-BM segment M membrane polyprotein (OROVsMgp1) gene, complete cds
PQ168358.1	M	4343	2024	outbreak	03-Apr-2024	Brazil: Joanesia, Minas Gerais	Homo sapiens	f5588171a6d4095dae9cfef8e12c4c5d7a9dd4b04bdd3fde5c6ab1ddb63ed886	Oropouche virus isolate OROV_101873-24-BM segment M membrane polyprotein (OROVsMgp1) gene, complete cds
PQ168357.1	M	4358	2024	outbreak	02-Apr-2024	Brazil: Joanesia, Minas Gerais	Homo sapiens	7ce59e5d0b0ccff5c722a8f7feb08d8d8aca5d5989bd7621206ec09311debe02	Oropouche virus isolate OROV_101870-24-BM segment M membrane polyprotein (OROVsMgp1) gene, complete cds
PQ168356.1	M	4366	2024	outbreak	12-Apr-2024	Brazil: Timoteo, Minas Gerais	Homo sapiens	181ec7885a8d0c9e05a21698b78e7fc5eb272734e76dd049d8bf60018119e2af	Oropouche virus isolate OROV_101856-24-BM segment M membrane polyprotein (OROVsMgp1) gene, complete cds
PQ168355.1	M	4354	2024	outbreak	12-Apr-2024	Brazil: Timoteo, Minas Gerais	Homo sapiens	c64fd4dd5333276b91ec3b20db3f9dcbe0405dce8f27c091ca8db0721a1d9283	Oropouche virus isolate OROV_101854-24-BM segment M membrane polyprotein (OROVsMgp1) gene, complete cds
PQ168354.1	M	4338	2024	outbreak	12-Apr-2024	Brazil: Timoteo, Minas Gerais	Homo sapiens	4d3ebac82820bcc15c2a9f42b33a2db89fdf9143bd1203216902c1f28ef2d832	Oropouche virus isolate OROV_101852-24-BM segment M membrane polyprotein (OROVsMgp1) gene, complete cds
PQ168353.1	M	4337	2024	outbreak	12-Apr-2024	Brazil: Timoteo, Minas Gerais	Homo sapiens	9a2616b4f7e3ab571dcd1143d52c2985e8bd6ae9ed442d11d0e15da017822466	Oropouche virus isolate OROV_101849-24-BM segment M membrane polyprotein (OROVsMgp1) gene, complete cds
PQ168352.1	M	4367	2024	outbreak	12-Apr-2024	Brazil: Timoteo, Minas Gerais	Homo sapiens	75a952f2790b0a5c902bffa6bb1c09e5e2e4d946c19e25c49396919a07deeb27	Oropouche virus isolate OROV_101845-24-BM segment M membrane polyprotein (OROVsMgp1) gene, complete cds
PQ168351.1	M	4335	2024	outbreak	16-Apr-2024	Brazil: Timoteo, Minas Gerais	Homo sapiens	7ee822f26c76694ac96041030d5e0345b5fc553e71dbc88d1d08860d8fc1cee1	Oropouche virus isolate OROV_101843-24-BM segment M membrane polyprotein (OROVsMgp1) gene, complete cds
PQ168350.1	M	4368	2024	outbreak	15-Apr-2024	Brazil: Timoteo, Minas Gerais	Homo sapiens	4c2aa89c2912a977a2c947502ff03b75684c2f2e39a09e96c4730471d3e1c364	Oropouche virus isolate OROV_101837-24-BM segment M membrane polyprotein (OROVsMgp1) gene, complete cds
PQ168349.1	M	4368	2024	outbreak	08-Apr-2024	Brazil: Timoteo, Minas Gerais	Homo sapiens	a295b38e8723cba6fd9c021abed6cc5352142bf46493b7fa941675cd160e57da	Oropouche virus isolate OROV_101827-24-BM segment M membrane polyprotein (OROVsMgp1) gene, complete cds
PQ168348.1	M	4353	2024	outbreak	04-Apr-2024	Brazil: Timoteo, Minas Gerais	Homo sapiens	00e7746e87bdb061f4a3a4d30d44c68533bac28dea831c67ff4e989cbc43cea9	Oropouche virus isolate OROV_101820-24-BM segment M membrane polyprotein (OROVsMgp1) gene, complete cds
PQ168347.1	M	4356	2024	outbreak	15-Apr-2024	Brazil: Joanesia, Minas Gerais	Homo sapiens	5a4562b1d2d675f586d9776674cf29c558f106278a2c1338e474bcc84a9e8437	Oropouche virus isolate OROV_101671-24-BM segment M membrane polyprotein (OROVsMgp1) gene, complete cds
PQ168346.1	M	4341	2024	outbreak	15-Apr-2024	Brazil: Joanesia, Minas Gerais	Homo sapiens	311e011749c8ea9b2d36b97f67a15e282df3fb18106e3e6d78f01ef7474a64e7	Oropouche virus isolate OROV_101669-24-BM segment M membrane polyprotein (OROVsMgp1) gene, complete cds
PQ168345.1	M	4367	2024	outbreak	15-Apr-2024	Brazil: Joanesia, Minas Gerais	Homo sapiens	cff0e77db9b5e705a174b328146f874283c0676872c47e1a685d8b2ca1bac642	Oropouche virus isolate OROV_101668-24-BM segment M membrane polyprotein (OROVsMgp1) gene, complete cds
PQ168344.1	M	4367	2024	outbreak	15-Apr-2024	Brazil: Joanesia, Minas Gerais	Homo sapiens	ef34596274d90fd09fd97a973bcd96ba535eccd84209795b059e61e926bacd47	Oropouche virus isolate OROV_101667-24-BM segment M membrane polyprotein (OROVsMgp1) gene, complete cds
PQ168343.1	M	4354	2024	outbreak	15-Apr-2024	Brazil: Joanesia, Minas Gerais	Homo sapiens	6d11f79d198ebd587daea1755f7f97bc097b805d4b22e77913ccee489bd4de70	Oropouche virus isolate OROV_101666-24-BM segment M membrane polyprotein (OROVsMgp1) gene, complete cds
PQ168342.1	M	4367	2024	outbreak	15-Apr-2024	Brazil: Joanesia, Minas Gerais	Homo sapiens	b48a6c81eec5e995eb3f0c95eff7f03bb64d11d72b9306ca9777226227632f09	Oropouche virus isolate OROV_101665-24-BM segment M membrane polyprotein (OROVsMgp1) gene, complete cds
PQ168341.1	M	4355	2024	outbreak	12-Apr-2024	Brazil: Coronel Fabriciano, Minas Gerais	Homo sapiens	171a50971e5b53ecf7429b995d88f63783eff3f9356231990f378d319487ba96	Oropouche virus isolate OROV_101659-24-BM segment M membrane polyprotein (OROVsMgp1) gene, complete cds
PQ168340.1	M	4362	2024	outbreak	16-Apr-2024	Brazil: Coronel Fabriciano, Minas Gerais	Homo sapiens	b726662fbe0f7cac43a98296a49f5552aeef9a1677e4b867688068004e58dca2	Oropouche virus isolate OROV_101658-24-BM segment M membrane polyprotein (OROVsMgp1) gene, complete cds
PQ168339.1	M	4367	2024	outbreak	03-Apr-2024	Brazil: Coronel Fabriciano, Minas Gerais	Homo sapiens	c3b948cc3f9257e728f0caedbcc33b2f4830e55e0a1e96ceb9e64008013cb90c	Oropouche virus isolate OROV_101657-24-BM segment M membrane polyprotein (OROVsMgp1) gene, complete cds
PQ168338.1	M	4345	2024	outbreak	08-Apr-2024	Brazil: Coronel Fabriciano, Minas Gerais	Homo sapiens	958eed63f4d66728dfe9ab95c015db57848c2472035cdabeb1a8900514c82b63	Oropouche virus isolate OROV_101655-24-BM segment M membrane polyprotein (OROVsMgp1) gene, complete cds
PQ168337.1	M	4334	2024	outbreak	03-Apr-2024	Brazil: Coronel Fabriciano, Minas Gerais	Homo sapiens	0ab459e020a5fe19ca3535aa826fe722b4aa1f795d675f8b2d458953910ab67c	Oropouche virus isolate OROV_101650-24-BM segment M membrane polyprotein (OROVsMgp1) gene, complete cds
PQ168336.1	M	4367	2024	outbreak	02-Apr-2024	Brazil: Coronel Fabriciano, Minas Gerais	Homo sapiens	1c02ef7ca3feb1a51438647e094bc750bfd034ce709ad463d04fd5acbb17a44d	Oropouche virus isolate OROV_101649-24-BM segment M membrane polyprotein (OROVsMgp1) gene, complete cds
PQ168335.1	M	4340	2024	outbreak	12-Apr-2024	Brazil: Coronel Fabriciano, Minas Gerais	Homo sapiens	4fe6d174811227667056b9ea92697c07f6a35190f1ba6da8be60f92280fa55b5	Oropouche virus isolate OROV_101644-24-BM segment M membrane polyprotein (OROVsMgp1) gene, complete cds
PQ168334.1	M	4357	2024	outbreak	17-Apr-2024	Brazil: Timoteo, Minas Gerais	Homo sapiens	5ddd24057ad04c446e33343e693968baad52095dd7c50117e48b967527eaf9e0	Oropouche virus isolate OROV_101642-24-BM segment M membrane polyprotein (OROVsMgp1) gene, complete cds
PQ168333.1	M	4343	2024	outbreak	04-Apr-2024	Brazil: Coronel Fabriciano, Minas Gerais	Homo sapiens	4569fb5bcfeebf0185670139df5da1a7e037b5fb44aa4aa2ae47f3d223ea7f33	Oropouche virus isolate OROV_101641-24-BM segment M membrane polyprotein (OROVsMgp1) gene, complete cds
PQ168332.1	M	4367	2024	outbreak	04-Apr-2024	Brazil: Coronel Fabriciano, Minas Gerais	Homo sapiens	ce7a86e845a9371af3a5500185377531fa21b9c44170dec1d7a5ffe7ff1ae3a2	Oropouche virus isolate OROV_101640-24-BM segment M membrane polyprotein (OROVsMgp1) gene, complete cds
PQ168331.1	M	4346	2024	outbreak	08-Apr-2024	Brazil: Coronel Fabriciano, Minas Gerais	Homo sapiens	a0397b4e03c4dd31528481f0323457f874cf35ee5047ee1baa10153ab166cd5b	Oropouche virus isolate OROV_101635-24-BM segment M membrane polyprotein (OROVsMgp1) gene, complete cds
PQ168330.1	M	4342	2024	outbreak	02-Apr-2024	Brazil: Coronel Fabriciano, Minas Gerais	Homo sapiens	32708809b562149d21bb5529a52a330340134eb3cd2c180e0f473a5adb71370e	Oropouche virus isolate OROV_101632-24-BM segment M membrane polyprotein (OROVsMgp1) gene, complete cds
PQ168329.1	M	4367	2024	outbreak	05-Apr-2024	Brazil: Coronel Fabriciano, Minas Gerais	Homo sapiens	fd4d19c19b5b4b69970fe744d7c12f4ab20aafd69613b99b1463dd68d71ecdc6	Oropouche virus isolate OROV_101630-24-BM segment M membrane polyprotein (OROVsMgp1) gene, complete cds
PQ168328.1	M	4361	2024	outbreak	12-Apr-2024	Brazil: Coronel Fabriciano, Minas Gerais	Homo sapiens	d4304586f9c7cc5c5204f23ed30f488a24f23c624e6be20d26daf45bd2a02244	Oropouche virus isolate OROV_101629-24-BM segment M membrane polyprotein (OROVsMgp1) gene, complete cds
PQ168327.1	M	4352	2024	outbreak	02-Apr-2024	Brazil: Coronel Fabriciano, Minas Gerais	Homo sapiens	27ea4750e35c27a0097a828b56bd59dc400f3f4251ed4817ba291bc9e4245258	Oropouche virus isolate OROV_101627-24-BM segment M membrane polyprotein (OROVsMgp1) gene, complete cds
PQ168326.1	M	4367	2024	outbreak	12-Apr-2024	Brazil: Coronel Fabriciano, Minas Gerais	Homo sapiens	f5495b05bb3ef5d4372f4a68fbbcbd834646c00c2a4f2d2e36de729830de1092	Oropouche virus isolate OROV_101625-24-BM segment M membrane polyprotein (OROVsMgp1) gene, complete cds
PQ168325.1	M	4367	2024	outbreak	08-Apr-2024	Brazil: Coronel Fabriciano, Minas Gerais	Homo sapiens	af5cd5bc9a9f0f8ec97b147517d139e2f2a6aa8aeeaea303cea6a21c68817cd1	Oropouche virus isolate OROV_101624-24-BM segment M membrane polyprotein (OROVsMgp1) gene, complete cds
PQ168324.1	M	4347	2024	outbreak	03-Apr-2024	Brazil: Coronel Fabriciano, Minas Gerais	Homo sapiens	8f67a73e7f6445d89b5bf662f2b9aa39d957a77ef60e5d53013b4c2d17f5aec1	Oropouche virus isolate OROV_101622-24-BM segment M membrane polyprotein (OROVsMgp1) gene, complete cds
PQ168323.1	M	4346	2024	outbreak	15-Apr-2024	Brazil: Coronel Fabriciano, Minas Gerais	Homo sapiens	093fcc415775aab43243da8af6befdc11d484cb783a96446e5c7081c49bdd924	Oropouche virus isolate OROV_101620-24-BM segment M membrane polyprotein (OROVsMgp1) gene, complete cds
PQ168322.1	M	4356	2024	outbreak	05-Apr-2024	Brazil: Coronel Fabriciano, Minas Gerais	Homo sapiens	53daade0f2040804bb421d7628d217ef8ed0dda8606e6f40b8404927f098ea76	Oropouche virus isolate OROV_101619-24-BM segment M membrane polyprotein (OROVsMgp1) gene, complete cds
PQ168321.1	M	4366	2024	outbreak	03-Apr-2024	Brazil: Coronel Fabriciano, Minas Gerais	Homo sapiens	f9cb540e2227f165e75f9b6aee7fa6f7677ae732725354ccbc22da2171e5f7f2	Oropouche virus isolate OROV_101618-24-BM segment M membrane polyprotein (OROVsMgp1) gene, complete cds
PQ168320.1	M	4367	2024	outbreak	03-Apr-2024	Brazil: Coronel Fabriciano, Minas Gerais	Homo sapiens	6a3a5ef55919b771e970f288d310a5fccfdf7339e9d39cad5a6d6309a14d4ede	Oropouche virus isolate OROV_101616-24-BM segment M membrane polyprotein (OROVsMgp1) gene, complete cds
PQ168319.1	M	4337	2024	outbreak	15-Apr-2024	Brazil: Coronel Fabriciano, Minas Gerais	Homo sapiens	9d7ed85e26752806c121d0ca97bd2c32176d0d58bbc3e34b4cbe29c038a22d8d	Oropouche virus isolate OROV_101614-24-BM segment M membrane polyprotein (OROVsMgp1) gene, complete cds
PQ168318.1	M	4337	2024	outbreak	05-Apr-2024	Brazil: Coronel Fabriciano, Minas Gerais	Homo sapiens	269863bc0869163cadf05c68bdab72290004ddd5cf46f9eece91e7cbde44db63	Oropouche virus isolate OROV_101613-24-BM segment M membrane polyprotein (OROVsMgp1) gene, complete cds
PQ168317.1	M	4342	2024	outbreak	15-Apr-2024	Brazil: Coronel Fabriciano, Minas Gerais	Homo sapiens	1bae73b4bd9555d7de48ae971cc6c8823184a5ee1407b3deb4cfda601b484d72	Oropouche virus isolate OROV_101611-24-BM segment M membrane polyprotein (OROVsMgp1) gene, complete cds
PQ168316.1	M	4366	2024	outbreak	05-Apr-2024	Brazil: Coronel Fabriciano, Minas Gerais	Homo sapiens	5e996a8fddec47cc87d90384a3543a8d685115517def18c2e430837a14153d49	Oropouche virus isolate OROV_101610-24-BM segment M membrane polyprotein (OROVsMgp1) gene, complete cds
PQ168315.1	M	4358	2024	outbreak	16-Apr-2024	Brazil: Coronel Fabriciano, Minas Gerais	Homo sapiens	3fa78ac274d330c489a9f03cc4e1eea2cff1530495ce91f9056d1229678533fb	Oropouche virus isolate OROV_101609-24-BM segment M membrane polyprotein (OROVsMgp1) gene, complete cds
PQ168314.1	M	4356	2024	outbreak	12-Apr-2024	Brazil: Coronel Fabriciano, Minas Gerais	Homo sapiens	bc5615f9183133567f682c519a08756ee20d764a1282b67507bd68d576758f83	Oropouche virus isolate OROV_101603-24-BM segment M membrane polyprotein (OROVsMgp1) gene, complete cds
PQ168313.1	M	4371	2024	outbreak	12-Apr-2024	Brazil: Coronel Fabriciano, Minas Gerais	Homo sapiens	66b98774087ff78e09e17ca2468e790cf77c04d88c9871181f2934be3f719889	Oropouche virus isolate OROV_101602-24-BM segment M membrane polyprotein (OROVsMgp1) gene, complete cds
PQ168312.1	M	4378	2024	outbreak	03-Apr-2024	Brazil: Gonzaga, Minas Gerais	Homo sapiens	c05b648f2f2cc2f69d4050331ecb51d0047191e343f07789137095cbc2ed9f17	Oropouche virus isolate OROV_MG_92736.24_2024 segment M membrane polyprotein (OROVsMgp1) gene, complete cds
PQ168311.1	M	4374	2024	outbreak	16-Apr-2024	Brazil: Congonhas, Minas Gerais	Homo sapiens	55e9df78de99e54236621e74cbb40bca5d2a9c020eec8ee1e8a63b1069a1813d	Oropouche virus isolate OROV_MG_103548.24_2024 segment M membrane polyprotein (OROVsMgp1) gene, complete cds
PQ168310.1	M	4379	2024	outbreak	19-Apr-2024	Brazil: Ipatinga, Minas Gerais	Homo sapiens	658f8cf69d8eb7969ed8f739ef63f06f51d3987c22f962068603a4f2ec9239a0	Oropouche virus isolate OROV_MG_103278.24_2024 segment M membrane polyprotein (OROVsMgp1) gene, complete cds
PQ168309.1	M	4379	2024	outbreak	18-Apr-2024	Brazil: Ipatinga, Minas Gerais	Homo sapiens	bb89138174b891499029743cf0cddc09054558ae50dd8381f42dfa87cbde8754	Oropouche virus isolate OROV_MG_103270.24_2024 segment M membrane polyprotein (OROVsMgp1) gene, complete cds
PQ168308.1	M	4376	2024	outbreak	15-Apr-2024	Brazil: Marlieria, Minas Gerais	Homo sapiens	a468bea70cab3404b62b6519e9f563dab9f15515ad7ca912e938b698a47f8cf8	Oropouche virus isolate OROV_MG_101672.24_2024 segment M membrane polyprotein (OROVsMgp1) gene, complete cds
PQ168307.1	M	4374	2024	outbreak	17-Apr-2024	Brazil: Botuvera, Santa Catarina	Homo sapiens	efe83be8406adbe8da2b21a8d29287e03e51750b7e0b40f614415c5434671ac7	Oropouche virus isolate OROV_SC_04.24_2024 segment M membrane polyprotein (OROVsMgp1) gene, complete cds
PQ168306.1	M	4376	2024	outbreak	12-Apr-2024	Brazil: Botuvera, Santa Catarina	Homo sapiens	4d047392934ffb5e29d0ea14c4a9a07433e87f6a1b7d3552d3fcad9f2978f730	Oropouche virus isolate OROV_SC_03.24_2024 segment M membrane polyprotein (OROVsMgp1) gene, complete cds
PQ168305.1	M	4382	2024	outbreak	11-Apr-2024	Brazil: Botuvera, Santa Catarina	Homo sapiens	17cd47cdc2c0e22b01ddce22b275dee48a79c7a3a99b87e827de918902e775a9	Oropouche virus isolate OROV_SC_02.24_2024 segment M membrane polyprotein (OROVsMgp1) gene, complete cds
PQ168304.1	M	4383	2024	outbreak	27-Feb-2024	Brazil: Rio Branco, Acre	Homo sapiens	842dd98fac9c8133059725e4d309b9cc2c24c35a3b526e651ab71f9e62ac3919	Oropouche virus isolate OROV_AC_17.24_2024 segment M membrane polyprotein (OROVsMgp1) gene, complete cds
PQ168303.1	M	4376	2024	outbreak	29-Feb-2024	Brazil: Cruzeiro do Sul, Acre	Homo sapiens	c4dd295a405368130b073ae1713fe44715ca820fcd45208ef09aa68bb756d282	Oropouche virus isolate OROV_AC_15.24_2024 segment M membrane polyprotein (OROVsMgp1) gene, complete cds
PQ168302.1	M	4382	2024	outbreak	02-Feb-2024	Brazil: Cruzeiro do Sul, Acre	Homo sapiens	acdd01205e88cb8a5af3a500ce10ffdc9a2090992c3c9a20e3eeda6dc68d49d8	Oropouche virus isolate OROV_AC_14.24_2024 segment M membrane polyprotein (OROVsMgp1) gene, complete cds
PQ168301.1	M	4369	2024	outbreak	26-Feb-2024	Brazil: Cruzeiro do Sul, Acre	Homo sapiens	f08263b7cbe7423d2c7f830fc0dc80b5cae419795d85f8e0117c68d599bb4eb4	Oropouche virus isolate OROV_AC_10.24_2024 segment M membrane polyprotein (OROVsMgp1) gene, complete cds
PQ168300.1	M	4379	2024	outbreak	01-Mar-2024	Brazil: Cruzeiro do Sul, Acre	Homo sapiens	56f6f0e9a4d413ff24a685ef8db515c0fa6312a3d518395986833ca5cf93501b	Oropouche virus isolate OROV_AC_03.24_2024 segment M membrane polyprotein (OROVsMgp1) gene, complete cds
PQ168299.1	M	4375	2024	outbreak	01-Mar-2024	Brazil: Cruzeiro do Sul, Acre	Homo sapiens	f469a758a1ef36da34d7e453ee5a9a4ba9abf2e846aec41653e67ae3401c76bc	Oropouche virus isolate OROV_AC_04.24_2024 segment M membrane polyprotein (OROVsMgp1) gene, complete cds
PP357049.1	M	4385	1991	historical	1991	Brazil	Homo sapiens	a97ee19b4c05545ca8b9ef3c6310ff75b53ba03a11bca5925d126406c511e9ae	Oropouche virus strain BeH505764 segment M, complete sequence
PP154171.1	M	4371	2015	historical	2015-04-13	Brazil: Amazonas_Tefe	Homo sapiens	429413c90117fea4544218aba8cf82ee438f91ddd5975eb4a2f5d8f8bec26262	Oropouche virus isolate ILMD_TF29 segment M, complete sequence
OP407853.1	M	4370	2009	historical	22-Jun-2009	Brazil	Homo sapiens	b150e26a044374102d31897780edd90f1cb78d0ba960a6309456e90701f7f87b	Oropouche virus polyprotein gene, complete cds
MT879229.1	M	4381	2018	historical	30-Mar-2018	Brazil	Homo sapiens	5ab1cc8006e7fec064f1b9f45efe31d8be774616ec718a3536d27b824b25a425	Oropouche virus strain Bel90435/H853382 segment M polyprotein gene, complete cds
KP795103.1	M	4359	1999	historical	Oct-1999	Panama	Homo sapiens	caad662bdccffb728bb5e2ba4e986f9975121a7d1d31b5199db7ab260307c5a2	Oropouche virus strain TVP-19264/PAN-481126 polyprotein gene, complete cds
KP795100.1	M	4377	2000	historical	May-2000	Peru	Homo sapiens	c38990a5080fa0419710435667fed431724dfc1e06e78f3308f2b93f9a947e91	Oropouche virus strain TVP-19262/OBS-9478 polyprotein gene, complete cds
KP795097.1	M	4373	1994	historical	Feb-1994	Peru	Homo sapiens	f9595d3ac3fad44a6b1b71360bf0e1659024f2d34da45e2b63fa9ac327c0edbc	Oropouche virus strain TVP-19260/MD-203 polyprotein gene, complete cds
KP795094.1	M	4380	1998	historical	Apr-1998	Peru	Homo sapiens	b2cd6e1665a981d0479a2bc9f4550483e45fa44823ff6ac3350a74f9355af17a	Oropouche virus strain TVP-19259/IQT-7085 polyprotein gene, complete cds
KP795091.1	M	4382	1997	historical	Aug-1997	Peru	Homo sapiens	b97b0b66a94dad96815a829cb242b8bf14fecffb95b44bd6a44a92a2e588cc01	Oropouche virus strain TVP-19258/IQT-4083 polyprotein gene, complete cds
KP795088.1	M	4371	1995	historical	Jun-1995	Peru	Homo sapiens	7bb959ff2475fcc99fb71a3358173f42ba20551326c68f4723cf2fc3940305df	Oropouche virus strain TVP-19257/IQT-1690 polyprotein gene, complete cds
KP795085.1	M	4373	2008	historical	Mar-2008	Peru	Homo sapiens	49c3bb7b45fd2eaa6f1c596e07744b8dd66bb39cd83a3ece1cbf60719bc644ea	Oropouche virus strain TVP-19256/IQE-7894 polyprotein gene, complete cds
KP795082.1	M	4376	1989	historical	1989	Panama	Homo sapiens	9eef72d7454d463a55173b12f5e2bab79af6882055396534038599217d07da05	Oropouche virus strain TVP-19254/GML-480914 polyprotein gene, complete cds
KP795079.1	M	4380	1989	historical	Aug-1989	Panama	Homo sapiens	f41c813ec4940a292760643266925bbde396e2639d3005c73ba58b8c423c24a4	Oropouche virus strain TVP-19250/GML-444839 polyprotein gene, complete cds
KP795076.1	M	4387	1989	historical	1989	Panama	Homo sapiens	449d8eb3a683a9578f772b2773d20c942d4bba13cb6017171d12dfc8b2857df8	Oropouche virus strain TVP-19249/GML-444672 polyprotein gene, complete cds
KP795073.1	M	4381	1992	historical	Apr-1992	Peru	Homo sapiens	db5c5205908657355ae3373526179e4e615a2d65eb2b62577d278d26e242de3f	Oropouche virus strain TVP-19244/DEI-216 polyprotein gene, complete cds
MN264268.1	M	4385	2014	historical	26-May-2014	Haiti	Homo sapiens	06db147ef410aa57c63cefe6957cb1ae84ba18d9ecbfb4350d7a93e86dcfb39c	Oropouche virus strain OV/Homo sapiens/Haiti-1/2014 segment middle, complete sequence
MK506827.1	M	4387	2016	historical	Apr-2016	Ecuador	Homo sapiens	19f8d4681d7f10af2c4624d5d0b11bd4d44b947c267a00bfa9d96b0f9d8a3c62	Oropouche virus strain OROV/EC/Esmeraldas/210/2016 segment M, complete sequence
MK506826.1	M	4387	2016	historical	Apr-2016	Ecuador	Homo sapiens	12015b1448d968c44ec0f88c0687f55a048d4fa440ff5ff67547ace7aa8ae30a	Oropouche virus strain OROV/EC/Esmeraldas/206/2016 segment M, complete sequence
MK506825.1	M	4387	2016	historical	Apr-2016	Ecuador	Homo sapiens	37fc4cc16cd7a908282f3444b1eb224e81a2d9fe32f84c7b4c21baa272916b6e	Oropouche virus strain OROV/EC/Esmeraldas/171/2016 segment M, complete sequence
MK506824.1	M	4387	2016	historical	Apr-2016	Ecuador	Homo sapiens	df3af3417f5ee32b52d9883d74357a3394089e83f299852fa1630bcbe14cfe58	Oropouche virus strain OROV/EC/Esmeraldas/155/2016 segment M, complete sequence
MK506823.1	M	4387	2016	historical	Apr-2016	Ecuador	Homo sapiens	548c9fb9f871dc28d0ae5b2d9ab02047fb89dac97d71aa5caec3d84ba93495f5	Oropouche virus strain OROV/EC/Esmeraldas/057/2016 segment M, complete sequence
MG747606.1	M	4385	1991	historical	1991	Brazil	Homo sapiens	1cd510133683272ba20d58acf3e7213e5d9fb36b15d3cf3c700001349e4b6fef	Oropouche virus isolate BeH 505768 segment M, complete sequence
MG747603.1	M	4385	1990	historical	1990	Brazil	Homo sapiens	86e899c4a8ebf5e4ff05525369a179fff5c70a8eb7cb09d66386bd18212c3688	Oropouche virus isolate BeH 498913 segment M, complete sequence
MG747600.1	M	4385	2006	historical	2006	Brazil	Homo sapiens	d3c44d71f3a6a3d3b352d49acc3e6ab95d003167cff3756bdd38155e5275fd44	Oropouche virus isolate BeH 708717 segment M, complete sequence
MG747597.1	M	4385	2006	historical	2006	Brazil	Homo sapiens	61c580a214b0f97a3e1446f261a547a853bf850f703b6b4e49187edaaba33a41	Oropouche virus isolate BeH 707287 segment M, complete sequence
MG747594.1	M	4385	2006	historical	2006	Brazil	Homo sapiens	8e1a930305b9740fb6ebcaafd755ded6fbd091c0428a447f839e386aa9145d18	Oropouche virus isolate BeH 708139 segment M, complete sequence
MG747591.1	M	4385	2004	historical	2004	Brazil	Homo sapiens	f756eaeebd246ddfe201fd543f9f3adc7fe692788e53d642a17cf41a124d001e	Oropouche virus isolate PMOH 682431 segment M, complete sequence
MG747588.1	M	4385	2004	historical	2004	Brazil	Homo sapiens	95d7757d9bb3b41b5eb2ebb4c96781dc0717db7d57f4890a6e554bd214d91243	Oropouche virus isolate PMOH 682426 segment M, complete sequence
MG747585.1	M	4385	2003	historical	2003	Brazil	Homo sapiens	fc9ee30923bb05d99d3255c8ad2a678841adafc2115ab046a509996017c80261	Oropouche virus isolate PPS 523 H 669315 segment M, complete sequence
MG747582.1	M	4385	2003	historical	2003	Brazil	Homo sapiens	ff2c8ce8c47f505b85adc2d319de5ad36a418cc08528094042fc8817231e1cb2	Oropouche virus isolate PPS 522 H 669314 segment M, complete sequence
MG747579.1	M	4385	1996	historical	1996	Brazil	Homo sapiens	9ad894b26b0a1e2dc3c342ffb4606fee548f66b6253186de66cddccc4bf6f450	Oropouche virus isolate BeH 543857 segment M, complete sequence
MG747576.1	M	4385	1996	historical	1996	Brazil	Homo sapiens	e7bc63871f1ec0ce9e83f926c53afd106bb3f8877dd4ec063fff6219331979ce	Oropouche virus isolate BeH 543760 segment M, complete sequence
MG747573.1	M	4385	1996	historical	1996	Brazil	Homo sapiens	c78b7cc341cc9cbbda3d04cfe66387fa1a0b31adce239d41a4059de998e3d87d	Oropouche virus isolate BeH 543629 segment M, complete sequence
MG747570.1	M	4385	1994	historical	1994	Brazil	Homo sapiens	ac1dfe414b9e4cb261d37849700ca62f8c1299d1b38215153d66356593a7a37b	Oropouche virus isolate BeH 541140 segment M, complete sequence
MG747567.1	M	4385	1994	historical	1994	Brazil	Homo sapiens	f4fbff1a18a72f9ad6dbf8fa945746d55b704f9772a0b1133f86ab8b6f694481	Oropouche virus isolate BeH 532500 segment M, complete sequence
MG747564.1	M	4385	1994	historical	1994	Brazil	Homo sapiens	fbfb8d5956f818b798af1571a74c23e3ea79d7fd33d6750a786323322b8dc6c0	Oropouche virus isolate BeH 532490 segment M, complete sequence
MG747561.1	M	4385	1994	historical	1994	Brazil	Homo sapiens	66d0f5a06bf8843393b2a136af19a01281b31a7cb23ec3c3be77d8512fc96a89	Oropouche virus isolate BeH 532422 segment M, complete sequence
MG747558.1	M	4385	1994	historical	1994	Brazil	Homo sapiens	1466facc5389ba1e2ed8465a2f5ae12bc561ae7df527edbb6c911fb633dfe629	Oropouche virus isolate BeH 532314 segment M, complete sequence
MG747555.1	M	4385	1980	historical	1980	Brazil	Homo sapiens	955a3f2b27893a99c6491b25c456d43180314019d551c5a88d5e57693c5e47c3	Oropouche virus isolate BeH 385591 segment M, complete sequence
MG747552.1	M	4385	1979	historical	1979	Brazil	Culicoides paraensis	311d00ba78453a2078c87c6cde8de16f02f77372532582cf62209f2eefb728fc	Oropouche virus isolate BeAr 366927 segment M, complete sequence
MG747549.1	M	4385	1978	historical	1978	Brazil	Homo sapiens	3b1a71380dfa2f2768bac20a7ddf6b98b1fcd773f8a0a701c451f798c604a976	Oropouche virus isolate BeH 355173 segment M, complete sequence
MG747546.1	M	4385	1971	historical	1971	Brazil	Bradypus tridactylus	fdda3abec8506ceef25b94fe7c144032f24b4b7a3441d5b026330385b8804e33	Oropouche virus isolate BeAn 208819 segment M, complete sequence
MG747543.1	M	4385	1971	historical	1971	Brazil	Bradypus tridactylus	78572d177abd8611b1b560c9a8d166d69473a1c42d6aa7e79b4562e6744a1606	Oropouche virus isolate BeAn 208402 segment M, complete sequence
MG747540.1	M	4385	1971	historical	1971	Brazil	Bradypus tridactylus	e3831cdfa57dbe276c9e94b464222e8e8a5f6356ca0947ce2952c03cd521cacc	Oropouche virus isolate BeAn 206119 segment M, complete sequence
MG747537.1	M	4385	1968	historical	1968	Brazil	Culex quinquefasciatus	da258c04cbf0b7fc6028f442fc874e75c1545c837870d44c6bd620b84009cb02	Oropouche virus isolate BeAr 136921 segment M, complete sequence
MG747534.1	M	4385	1967	historical	1967	Brazil	Homo sapiens	c7e716dcb0c23e85357494305a31dbb2b1e094605dd412a25a30d16a779a732c	Oropouche virus isolate BeH 121923 segment M, complete sequence
MG747531.1	M	4385	1961	historical	1961	Brazil	Homo sapiens	f811b7ca244a1c2934efac4808ef9a56b2009d1297057b90f67bef0460618fc2	Oropouche virus isolate BeH 29090 segment M, complete sequence
MG747528.1	M	4385	1961	historical	1961	Brazil	Homo sapiens	a0fc33d290408a67fdf7f4b38523463dfe81d497447f2a82e4cf1c8af0eff40f	Oropouche virus isolate BeH 29086 segment M, complete sequence
MG747525.1	M	4385	1960	historical	1960	Brazil	Ochlerotatus serratus	8a9043c3cdce0262d37d3e5a2bbdd57b77baf251600e4411231ee01a464fcf72	Oropouche virus isolate BeAr 19886 segment M, complete sequence
MG747522.1	M	4385	2000	historical	2000	Brazil	Callithrix sp.	3a12c2e37a9a45fe02d03cbea3c0bacbbad64431407e71968dcdc106364d6e2a	Oropouche virus isolate BeAn 626990 segment M, complete sequence
MG747519.1	M	4385	1993	historical	1993	Brazil	Homo sapiens	54f606020092774536172845b7485f303c944e0192f5d0e9c7e5320d4440fe97	Oropouche virus isolate BeH 421086 segment M, complete sequence
MG747516.1	M	4385	1988	historical	1988	Brazil	Homo sapiens	2b42a952bd0ec043334fc7193ba7180054f8bdb06870476b84d22756ab2cd9ef	Oropouche virus isolate BeH 472435 segment M, complete sequence
MG747513.1	M	4385	1988	historical	1988	Brazil	Homo sapiens	a31f2dc717ff2f50bd1f5641624aa7674e2b1be917fac4bc615ea549e8bf44f4	Oropouche virus isolate BeH 472433 segment M, complete sequence
MG747510.1	M	4385	1980	historical	1980	Brazil	Homo sapiens	b09ec27eb9041e61e4ca9d6a54d51158abe62a41265ee5bdcd6673dcd0a3d300	Oropouche virus isolate BeH 390242 segment M, complete sequence
MG747507.1	M	4385	1980	historical	1980	Brazil	Homo sapiens	3751500f066a33b52accc0e77c1e0d874347f4ccf6d3e28aae5817af6114c757	Oropouche virus isolate BeH 389865 segment M, complete sequence
MG747504.1	M	4385	1996	historical	1996	Brazil	Homo sapiens	0ad55b2da6811e4f657d3bd873a7295a85a9f1fe37fc854f4c18a52466c04150	Oropouche virus isolate BeH 543100 segment M, complete sequence
NC_005775.1	M	4385		buffer/unknown				5b057f4b0a1a601ee5f4b915abd6385f4c86b02dc5ba132eab98b3abe1233276	Oropouche virus segment M, complete sequence
MF926353.1	M	4387	2016	historical	01-Apr-2016	Ecuador	Homo sapiens	19fbbfc4522739f8117371a39d4676c68f8c18f69ad6e74636b8d43be1481819	Oropouche virus strain OROV/EC/Esmeraldas/087/2016 segment M, complete sequence
MF620128.1	M	4385	1961	historical	13-Jan-1961			ef9ec34247c2a6a84f2f420ca054474d50678e665a3c22f190bc6bacd4e50faf	Oropouche virus culture NCPV:1409261v segment M, complete sequence
KP691604.1	M	4385	2009	historical	24-Jul-2009	Brazil	Homo sapiens	1d00312346853c99ac98e350dcf024076b1da64013c899642ddfe5e85d382a9c	Oropouche virus isolate BeH759024 segment M, complete sequence
KP691607.1	M	4385	2009	historical	23-Jul-2009	Brazil	Homo sapiens	a0a8916d10396a9b3f08564ba365a7aa5c492920f490c981c46519b14ee11d3b	Oropouche virus isolate BeH759021 segment M, complete sequence
KP691610.1	M	4385	2009	historical	24-Jul-2009	Brazil	Homo sapiens	300e62424770778c1b8ecec4c701b0d6ff7c1016b66a506f87a54ccf9d7e8cd6	Oropouche virus isolate BeH759022 segment M, complete sequence
KP691613.1	M	4385	2009	historical	24-Jul-2009	Brazil	Homo sapiens	a0fc7ac52ebc376ea6d3be92f61c643cee028c2bcc7378968897670055135668	Oropouche virus isolate BeH759025 segment M, complete sequence
KP691616.1	M	4385	2009	historical	23-Jul-2009	Brazil	Homo sapiens	d51059c1bd6276fa59498e803cfcd1d8bff26c3b623ba5bd14541d89ba9f5c07	Oropouche virus isolate BeH759040 segment M, complete sequence
KP691619.1	M	4385	2009	historical	17-Jun-2009	Brazil	Homo sapiens	4ae74a5a083f26a4a862469a32b46cf11af081577b86c6a0d2818db5fe0200c9	Oropouche virus isolate BeH759529 segment M, complete sequence
KP691622.1	M	4385	2009	historical	23-Jun-2009	Brazil	Homo sapiens	b813eb127fa4c90a69bad316556899eab0f9823266e69412909e463f25476367	Oropouche virus isolate BeH759620 segment M, complete sequence
KP691631.1	M	4385	2009	historical	20-Aug-2009	Brazil	Homo sapiens	95771836b91d291bc87f8356a69f0fbc436828f77db298d90735c790da49a4a7	Oropouche virus isolate BeH759146 segment M, complete sequence
KP026180.1	M	4385	1955	historical	1955	Trinidad and Tobago: Trinidad, Sangre Grande		2d3297a864d0f179b7782798bec006ca01767eae27afa6ac11af6cf293ac1ba0	Oropouche virus strain TRVL9760 segment M, complete sequence
KP052851.1	M	4385	1960	historical	1960	Brazil	Bradypus tridactylus	447e9685e3a4c7adae9e9fc71558882ec82a50330b2228e8a1c95c26ba7c28bb	Oropouche virus strain BeAn19991 segment M, complete sequence
KC759123.1	M	4357		buffer/unknown		Trinidad and Tobago: Trinidad	Homo sapiens	6c2a9c1dba12f98cd1f13bd3f745de7f4f47bce3154ec97f232d1c3cefcf14ba	Oropouche virus strain TRVL-9760 segment M M polyprotein (M) gene, complete cds
PV111833.1	S	875	2025	outbreak	2025-01-24	Brazil: Espirito Santo, Itarana	Homo sapiens; female; 35 years; Pregnant	0b8c5fdc00e7d06d03e3c6abca597a5b842704d6592aac3b04d19bc2a72628ef	Oropouche virus isolate 321691256 segment S nucleoprotein (N) and nonstructrural protein (NSs) genes, complete cds
PV111830.1	S	676	2025	outbreak	2025-01-17	Brazil: Espirito Santo, Domingos Martins	Homo sapiens; female; 38 years; Pregnant	1e78f343e0c760c2dcb33206eb3ecdeee7eaab865e7c0bf334f1b778b6882108	Oropouche virus isolate 321691255 segment S nucleoprotein (N) gene, partial cds; and nonstructrural protein (NSs) gene, complete cds
PV111827.1	S	880	2025	outbreak	2025-01-10	Brazil: Espirito Santo, Viana	Homo sapiens; female; 24 years; Pregnant	70c7dfd844e2f81b781bdb9d86ae46bd18464dcaeb30f3dcb58f47c9d1e52a31	Oropouche virus isolate 321691254 segment S nucleoprotein (N) and nonstructrural protein (NSs) genes, complete cds
PV111824.1	S	880	2025	outbreak	2025-01-16	Brazil: Espirito Santo, Itarana	Homo sapiens; female; 27 years; Pregnant	85c115486dde0dbb0a4c1aff920c8813be9cd5df1a41360a14aec98d6d674b90	Oropouche virus isolate 321691253 segment S nucleoprotein (N) and nonstructrural protein (NSs) genes, complete cds
PV111821.1	S	732	2025	outbreak	2025-01-16	Brazil: Espirito Santo, Santa Teresa	Homo sapiens; female; 31 years; Pregnant	7615b74c702d3f0b78debc35296154130a736c2fc66e009bbb7f14c09562080e	Oropouche virus isolate 321691249 segment S nucleoprotein (N) and nonstructrural protein (NSs) genes, complete cds
PV111818.1	S	880	2025	outbreak	2025-01-10	Brazil: Espirito Santo, Afonso Claudio	Homo sapiens; female; 29 years; Pregnant	dfffa99a66d6bef38fd06b42c9df17426384cb8e1209f1596cd00129322bd906	Oropouche virus isolate 321691242 segment S nucleoprotein (N) and nonstructrural protein (NSs) genes, complete cds
PV111815.1	S	875	2025	outbreak	2025-01-06	Brazil: Espirito Santo, Iconha	Homo sapiens; female; 23 years; Pregnant	2ec6450333f8c0fcc124476baae25654a81eff17d6fe475193bfadf9a56f1435	Oropouche virus isolate 321691228 segment S nucleoprotein (N) and nonstructrural protein (NSs) genes, complete cds
PV111812.1	S	881	2025	outbreak	2025-01-11	Brazil: Espirito Santo, Serra	Homo sapiens; 0 months	2de35a0bc3c74ba65e8ce01c1a8aaedd7a32fbf2c1cef7dac2d0ecadb6341e4f	Oropouche virus isolate 321691190 segment S nucleoprotein (N) and nonstructrural protein (NSs) genes, complete cds
PV111809.1	S	882	2025	outbreak	2025-01-11	Brazil: Espirito Santo, Serra	Homo sapiens; 0 months	2c206385d97e42d5b992ec1ced2fb2c0b4d40f8be11b70d5a0584e34d7ac9989	Oropouche virus isolate 321691187 segment S nucleoprotein (N) and nonstructrural protein (NSs) genes, complete cds
PV111806.1	S	883	2025	outbreak	2025-01-03	Brazil: Espirito Santo, Serra	Homo sapiens; female; 37 years; Pregnant	16dff449169ba47c196e492aeafb9c855a0d94f9ff68b0f62c53be6e3440043a	Oropouche virus isolate 321691178 segment S nucleoprotein (N) and nonstructrural protein (NSs) genes, complete cds
PV111803.1	S	879	2025	outbreak	2025-01-14	Brazil: Espirito Santo, Colatina	Homo sapiens; male; 52 years; Fatal case	718c6d130effe86dd95ea02e72de1c73a7a4f0ff323329e47efdf2b655ecbcde	Oropouche virus isolate 321691173 segment S nucleoprotein (N) and nonstructrural protein (NSs) genes, complete cds
PV085595.1	S	887	2024	outbreak	2024-11-29	Brazil: Espirito Santo, Iconha	Homo sapiens	2cb46c8f6809a465b78c39f41b0efe6f88df0b383028df9f752051803803bae9	Oropouche virus isolate hOROV_BrazilACENES-321683508_2024 nucleoprotein (N) and nonstructrural protein (NSs) genes, complete cds
PV085592.1	S	880	2024	outbreak	2024-06-03	Brazil: Espirito Santo, Laranja da Terra	Homo sapiens	85785607cf91d3c200fb1218088245fa202a870330332661517129bd20604978	Oropouche virus isolate hOROV_BrazilACENES-321683507_2024 nucleoprotein (N) and nonstructrural protein (NSs) genes, complete cds
PV085589.1	S	876	2024	outbreak	2024-11-28	Brazil: Espirito Santo, Alfredo Chaves	Homo sapiens	4813dde526574a27957fb63c2e2d9f84a10d65ae0d1520224ea60566ea7b745a	Oropouche virus isolate hOROV_BrazilACENES-321683502_2024 nucleoprotein (N) and nonstructrural protein (NSs) genes, complete cds
PV085583.1	S	882	2024	outbreak	2024-05-10	Brazil: Bahia, Camamu	Homo sapiens	00a1faa8b970f824b621b5b1899c86e7a60d9ccef6f3f3d50cc36e2088043e27	Oropouche virus isolate hOROV_BrazilACENES-293707024_2024 nucleoprotein (N) and nonstructrural protein (NSs) genes, complete cds
PV085580.1	S	881	2024	outbreak	2024-03-27	Brazil: Bahia, Valenca	Homo sapiens	f20e71b947cd370436312d562ee5fed0a0858ef5d2e3fcecd1dc25deba0be5ef	Oropouche virus isolate hOROV_BrazilACENES-293589583_2024 nucleoprotein (N) and nonstructrural protein (NSs) genes, complete cds
PQ329253.1	S	940	2024	outbreak	2024	Spain	Homo sapiens	56284fa2215d752ab05de12b729e2f5fdb5f292e2694c05d84b0b88f03887c08	Oropouche virus strain SP2024 segment S nucleoprotein gene, complete cds
PV254767.1	S	712	2024	outbreak	25-Jul-2024	Brazil: Alagoas	Homo sapiens	bd728fb98cc149d13db75b169cdf38c63bf28a252ea71853fcb24b5b1d9ff1ef	Oropouche virus strain OROV_AL18 segment S, complete sequence
PV254766.1	S	712	2024	outbreak	12-Aug-2024	Brazil: Alagoas	Homo sapiens	eb1fcfe2b7204254e6efcec18eab4e5d9b9f5b1c27658a3aabc47b925ce19121	Oropouche virus strain OROV_AL17 segment S, complete sequence
PV254765.1	S	712	2024	outbreak	11-Aug-2024	Brazil: Alagoas	Homo sapiens	0931b55502c7b9c074b10989a453170932cc5688534ddbe9ffb58ec5b769b687	Oropouche virus strain OROV_AL16 segment S, complete sequence
PV254764.1	S	712	2024	outbreak	02-Aug-2024	Brazil: Alagoas	Homo sapiens	87e89a9e3c5b4271da61af5bda4cd5bd5cfbfaa23bf3388affbdf86fb32cd621	Oropouche virus strain OROV_AL15 segment S, complete sequence
PV254763.1	S	712	2024	outbreak	15-Aug-2024	Brazil: Alagoas	Homo sapiens	e308dc98bc928b6432ce305f3923b27a913992006662f2608615b643778845f6	Oropouche virus strain OROV_AL14 segment S, complete sequence
PV254762.1	S	712	2024	outbreak	30-Jul-2024	Brazil: Alagoas	Homo sapiens	b9d07dff5cdd1b256d30c06bd714d4d6b2a7b50b7b88383c8272322848a1cf28	Oropouche virus strain OROV_AL13 segment S, complete sequence
PV254761.1	S	712	2024	outbreak	08-Aug-2024	Brazil: Alagoas	Homo sapiens	dd76eee6461a66b5715f6499a0db885f72956e573de5237ede8acdbfd5f6bf59	Oropouche virus strain OROV_AL12 segment S, complete sequence
PV254760.1	S	712	2024	outbreak	13-Aug-2024	Brazil: Alagoas	Homo sapiens	e1daeb0e03d91626db7a5f846da44923b44cae0753a0e99622ed3678ec1d1793	Oropouche virus strain OROV_AL11 segment S, complete sequence
PV254759.1	S	712	2024	outbreak	24-Jul-2024	Brazil: Alagoas	Homo sapiens	cdf2439c5507a6508a4c1bae1620bc09f05615b6dccb95bee126b944b9c39db5	Oropouche virus strain OROV_AL07 segment S, complete sequence
PV254758.1	S	712	2024	outbreak	15-Jul-2024	Brazil: Alagoas	Homo sapiens	3d55c5aba5fd916d716ddb1ee656f1c5d3d78d383eaa056ea8cb62ed0071d105	Oropouche virus strain OROV_AL05 segment S, complete sequence
PV254757.1	S	712	2024	outbreak	15-Jul-2024	Brazil: Alagoas	Homo sapiens	66bac15114431c8e0357a88816ab884aa2c0f473490f942ad8f79a188e48144b	Oropouche virus strain OROV_AL04 segment S, complete sequence
PV254756.1	S	712	2024	outbreak	13-Jul-2024	Brazil: Alagoas	Homo sapiens	8fd44b6beb49502365e3c4f3381ff21e7878f552624a9add7b3253250392aa7d	Oropouche virus strain OROV_AL03 segment S, complete sequence
PV254755.1	S	712	2024	outbreak	12-Jul-2024	Brazil: Alagoas	Homo sapiens	83051d777e2da0959e54d37daecc9556171f276d2cac2eee6283e9d4a08c6455	Oropouche virus strain OROV_AL02 segment S, complete sequence
PV254754.1	S	712	2024	outbreak	25-Jul-2024	Brazil: Alagoas	Homo sapiens	51c731cd0b249ab88ae929cf53e9f889b928b6619ff97ac48534264e8a768f6a	Oropouche virus strain OROV_AL42 segment S, complete sequence
PV254753.1	S	712	2024	outbreak	25-Jul-2024	Brazil: Alagoas	Homo sapiens	a95cbeaf8fcda2a34d8a4d4fbe976f9302f8cbfd0425ce61db2d6f848cc28108	Oropouche virus strain OROV_AL41 segment S, complete sequence
PV254752.1	S	712	2024	outbreak	25-Jul-2024	Brazil: Alagoas	Homo sapiens	0ac004b0f5e0f108c3540bb933257a88a5001e1ffc5c46efe9f102453925886d	Oropouche virus strain OROV_AL40 segment S, complete sequence
PV254751.1	S	712	2024	outbreak	27-Jul-2024	Brazil: Alagoas	Homo sapiens	bc464199b204669b688aa3cf72f53ea81cca34a9a159c5b29f264e4b9cfc46c5	Oropouche virus strain OROV_AL39 segment S, complete sequence
PV254750.1	S	712	2024	outbreak	25-Jul-2024	Brazil: Alagoas	Homo sapiens	3aff14af6cc78447fc75ed81450d48dcab393ae32b3791d2a7da2c4b24927972	Oropouche virus strain OROV_AL38 segment S, complete sequence
PV254749.1	S	712	2024	outbreak	25-Jul-2024	Brazil: Alagoas	Homo sapiens	a1150b40e7bcd257597a118af74a151da452eeb8eef80891044eeccdde0a8dc2	Oropouche virus strain OROV_AL37 segment S, complete sequence
PV254748.1	S	712	2024	outbreak	24-Jul-2024	Brazil: Alagoas	Homo sapiens	d38f0aac987e3028f0e87f757c49b8c60a13bcf0c1749021587e71a0b385f530	Oropouche virus strain OROV_AL36 segment S, complete sequence
PV254747.1	S	712	2024	outbreak	24-Jul-2024	Brazil: Alagoas	Homo sapiens	5ce1acd27462d8b2600837b23f8f05801c864b3b260175d4eb060073bc2c4437	Oropouche virus strain OROV_AL35 segment S, complete sequence
PV254746.1	S	712	2024	outbreak	17-Jul-2024	Brazil: Alagoas	Homo sapiens	1b120b9ac70f3da86e8a9f453ce80a98b45d4dd1fef9962e30df867a5b152746	Oropouche virus strain OROV_AL34 segment S, complete sequence
PV254745.1	S	712	2024	outbreak	15-Jul-2024	Brazil: Alagoas	Homo sapiens	c1c0e51d3e10ed5021dfdf25b481bb4a7bbafde1b825e155895fc5063c2a6237	Oropouche virus strain OROV_AL33 segment S, complete sequence
PV254744.1	S	712	2024	outbreak	15-Jul-2024	Brazil: Alagoas	Homo sapiens	0343fecfdb4549d73fefcaf7680eb85252697552227262bd26d74ebc7ba55308	Oropouche virus strain OROV_AL32 segment S, complete sequence
PV254743.1	S	712	2024	outbreak	15-Jul-2024	Brazil: Alagoas	Homo sapiens	3214f4c8b2095643b7e57f43845f097a9ab175b39f2f6f2fbecb3518be417e08	Oropouche virus strain OROV_AL31 segment S, complete sequence
PV254742.1	S	712	2024	outbreak	15-Jul-2024	Brazil: Alagoas	Homo sapiens	92c7646516b8d9618f1fc0dfedd21fa7ea4d78e112ef513b7ac856821df0ee23	Oropouche virus strain OROV_AL30 segment S, complete sequence
PV254741.1	S	712	2024	outbreak	12-Jul-2024	Brazil: Alagoas	Homo sapiens	d5244798f403029c0b9d71f1a8d74795b1d94e3e3109a56b702cac94a6432399	Oropouche virus strain OROV_AL29 segment S, complete sequence
PV254740.1	S	712	2024	outbreak	10-Jul-2024	Brazil: Alagoas	Homo sapiens	02238471c67041a1d881334766aafa806f15de7d3f533057dd4f103d7ca851b9	Oropouche virus strain OROV_AL28 segment S, complete sequence
PV254739.1	S	712	2024	outbreak	13-Jul-2024	Brazil: Alagoas	Homo sapiens	2467db02e1ecd421ddd6f975abc5f1e50b74e578024973b0f1e563989f75f8d0	Oropouche virus strain OROV_AL27 segment S, complete sequence
PV254738.1	S	712	2024	outbreak	12-Jul-2024	Brazil: Alagoas	Homo sapiens	80400dc8abee72ee096b5d0373b2170d0409b376ec3b320f4c003648c295b613	Oropouche virus strain OROV_AL26 segment S, complete sequence
PV254737.1	S	712	2024	outbreak	13-Jul-2024	Brazil: Alagoas	Homo sapiens	d94dcc6b70a05f4f8eb7fe362a921807a48feaaf81ba8ec158850de798ce326b	Oropouche virus strain OROV_AL25 segment S, complete sequence
PV254736.1	S	712	2024	outbreak	11-Jul-2024	Brazil: Alagoas	Homo sapiens	53a2d6b4172105e0f3439b1bde7b8583001a848ec710ac6891cc2b4ad970f9d2	Oropouche virus strain OROV_AL24 segment S, complete sequence
PV254735.1	S	712	2024	outbreak	23-Jul-2024	Brazil: Alagoas	Homo sapiens	3aeddc725eb7313d5b7bbce9a81315da08c62db2f0073a22993148aa3c4c5815	Oropouche virus strain OROV_AL23 segment S, complete sequence
PV254734.1	S	712	2024	outbreak	23-Jul-2024	Brazil: Alagoas	Homo sapiens	22f53e483f002e0274b702649dec2dac4d3218d82cac899b5e6d2ab4421dec28	Oropouche virus strain OROV_AL22 segment S, complete sequence
PV254733.1	S	712	2024	outbreak	23-Jul-2024	Brazil: Alagoas	Homo sapiens	a7e19bea1ed49c4afeb6491c8000cf29693203df166ba1edbd1cba8dc2e1ccdf	Oropouche virus strain OROV_AL21 segment S, complete sequence
PV254732.1	S	712	2024	outbreak	23-Jul-2024	Brazil: Alagoas	Homo sapiens	f8384035f6e3486b30aea4abb4c4e0efefe01085381a520070963dadd90653a1	Oropouche virus strain OROV_AL20 segment S, complete sequence
PV254731.1	S	712	2024	outbreak	19-Jul-2024	Brazil: Alagoas	Homo sapiens	ea42907ca12b7927381e5f68a66b4884ba178a7641bf05e981669ccc4215bda0	Oropouche virus strain OROV_AL19 segment S, complete sequence
PQ683511.1	S	913		buffer/unknown		Peru	Homo sapiens	7402e18c58e67da6a847833c9d226bfb00781b07751e0cdbcac3721bcf368ae7	Oropouche virus isolate 097471 nucleoprotein gene, complete cds
PQ801464.1	S	946	1991	historical	1991	Brazil	Homo sapiens	4e057d14bcf3c12d71010d934a0f88631cbb501e4d66b15e794131265024a155	Oropouche virus strain BeH 504514 segment S, complete sequence
PQ683514.1	S	952		buffer/unknown		Peru	Homo sapiens	f2c7b6ca540dd3a54a0aae1fc2141bfa76d761b460454abe97d61f7959105d7e	Oropouche virus isolate 100592 nucleoprotein gene, complete cds
PQ683508.1	S	952		buffer/unknown		Peru	Homo sapiens	dbdb6edb7cd60fb7121342dd75c7fc059f2c64ccae75fcee0984169144382f36	Oropouche virus isolate 096374 nucleoprotein gene, complete cds
PQ550997.1	S	696	2024	outbreak	11-May-2024	Brazil: Sao Paulo, Itanhaem	Homo sapiens; 29y; female	4b30a124076ea0717b84e9b464907bf7c67c3d121975dab13be3e7e1c676943f	Oropouche virus isolate LEIAL3270 segment S nucleoprotein (N) and nonstructural protein (NSs) genes, complete cds
PQ417950.1	S	951	2024	outbreak	13-Jul-2024	Cuba	Homo sapiens	0b78b1c73c33af628e604ec8a56809c6c12e8bb3643888a75b6376d2013702d4	Oropouche virus isolate 2400023 segment S nucleoprotein gene, complete cds
PQ363070.1	S	951	2024	outbreak	13-Aug-2024	Italy: IRCCS Sacro Cuore Don Calabria, Negrar di Valpolicella, VR	Homo sapiens; male	5a3468f955b6f0029e3a72d7bcd2da9b2495e7b8a9bbc5bd07a8c92da44b10d1	Oropouche virus isolate IRCCS-SCDC_2/2024 segment S, complete sequence
PP952117.3	S	943	2024	outbreak	Jun-2024	Italy: IRCCS Sacro Cuore Don Calabria, Negrar di Valpolicella, VR	Homo sapiens; sex: female	657fd61a4a4d1d3ce3eaa40611a3c937cefeb92e18eb363581096b8e720430dd	Oropouche virus isolate IRCCS-SCDC_1/2024 segment S nucleoprotein gene, complete cds
PQ247846.1	S	734	2024	outbreak	25-Apr-2024	Brazil: Campo Verde, Mato Grosso	Homo sapiens	8b333e3022f32889485a655032a8129c5e806aa8c104d362c872fabb781b3908	Oropouche virus isolate OROV_MT_31-2024 segment S nucleoprotein (N) and nonstructrural protein (Ns) genes, complete cds
PQ247845.1	S	740	2024	outbreak	24-Apr-2024	Brazil: Rosario Oeste, Mato Grosso	Homo sapiens	341d3430b9757068a5fbb1a42198a401c4779fd051ae9a14e127f04879231c77	Oropouche virus isolate OROV_MT_28-2024 segment S nucleoprotein (N) and nonstructrural protein (Ns) genes, complete cds
PQ247844.1	S	726	2024	outbreak	25-Apr-2024	Brazil: Rosario Oeste, Mato Grosso	Homo sapiens	7893e92c219c3b3b2e43c40b5e29cb70b63a188a7c86a9828085935e1d6c8896	Oropouche virus isolate OROV_MT_27-2024 segment S nucleoprotein (N) and nonstructrural protein (Ns) genes, complete cds
PQ247843.1	S	752	2024	outbreak	25-Apr-2024	Brazil: Rosario Oeste, Mato Grosso	Homo sapiens	a58e8984c8f6dd8160df46b78b3be1d184fc5cb20b2026ff8b9b8a4d73dfdea0	Oropouche virus isolate OROV_MT_26-2024 segment S nucleoprotein (N) and nonstructrural protein (Ns) genes, complete cds
PQ247842.1	S	734	2024	outbreak	24-Apr-2024	Brazil: Rosario Oeste, Mato Grosso	Homo sapiens	8daae79d8d6fc1cc8e19034fc2af71d8eb0e25b0390d9a662519bc468758955f	Oropouche virus isolate OROV_MT_24-2024 segment S nucleoprotein (N) and nonstructrural protein (Ns) genes, complete cds
PQ247841.1	S	726	2024	outbreak	23-Apr-2024	Brazil: Rosario Oeste, Mato Grosso	Homo sapiens	652413381cbab7b5939dc616b13e04a1245afb72616dff156ac8592ad74ae6bb	Oropouche virus isolate OROV_MT_18-2024 segment S nucleoprotein (N) and nonstructrural protein (Ns) genes, complete cds
PQ247840.1	S	722	2024	outbreak	24-Apr-2024	Brazil: Rosario Oeste, Mato Grosso	Homo sapiens	dfe34e235b93aab864e68182a6c8259708d32574343ab8164075c138f68b7cf0	Oropouche virus isolate OROV_MT_23-2024 segment S nucleoprotein (N) and nonstructrural protein (Ns) genes, complete cds
PQ247839.1	S	727	2024	outbreak	17-Apr-2024	Brazil: Rosario Oeste, Mato Grosso	Homo sapiens	52b38ddfbacc5a2ac9ec45a97274147cf8ada444b21fe8cef43ca67964180a42	Oropouche virus isolate OROV_MT_13-2024 segment S nucleoprotein (N) and nonstructrural protein (Ns) genes, complete cds
PQ247838.1	S	732	2024	outbreak	16-Apr-2024	Brazil: Rosario Oeste, Mato Grosso	Homo sapiens	dec7b38fd5d49be77a1a1c7155e5013fb268f2b9e13c733064be27dd434c93b9	Oropouche virus isolate OROV_MT_12-2024 segment S nucleoprotein (N) and nonstructrural protein (Ns) genes, complete cds
PQ247837.1	S	716	2024	outbreak	10-Apr-2024	Brazil: Laje, Bahia	Homo sapiens	c5d2fd1ad1b1733be9dbcf0ca00134c69f648f1f0eb13262456d3961c2c41214	Oropouche virus isolate 293626494 segment S nucleoprotein (N) and nonstructrural protein (Ns) genes, complete cds
PQ247836.1	S	713	2024	outbreak	03-Apr-2024	Brazil: Salvador, Bahia	Homo sapiens	ba9801484d1ecf93d80a3984085bd7c0ee28afea0ca74d6e4c145d2f3bf0e808	Oropouche virus isolate 293604448 segment S nucleoprotein (N) and nonstructrural protein (Ns) genes, complete cds
PQ247835.1	S	706	2024	outbreak	09-Apr-2024	Brazil: Laje, Bahia	Homo sapiens	baae331ab4c0b1813bb7432e2ce38d11a58cee77e90a2a85a89ffaaa977941f3	Oropouche virus isolate 293622240 segment S nucleoprotein (N) gene, partial cds; and nonstructrural protein (Ns) gene, complete cds
PQ247834.1	S	712	2024	outbreak	09-Apr-2024	Brazil: Laje, Bahia	Homo sapiens	250e6be53b3715e43b8a9bb40c9303883ca682814911377d4e95b70abe49c679	Oropouche virus isolate 293622352 segment S nucleoprotein (N) and nonstructrural protein (Ns) genes, complete cds
PQ247833.1	S	718	2024	outbreak	20-Mar-2024	Brazil: Teolandia, Bahia	Homo sapiens	f6cc47a84d4de27634e53f0a9b082d9fc21af4de50cf3c236477e7e3f3c68e39	Oropouche virus isolate 293566272 segment S nucleoprotein (N) and nonstructrural protein (Ns) genes, complete cds
PQ247832.1	S	708	2024	outbreak	20-Mar-2024	Brazil: Teolandia, Bahia	Homo sapiens	49daf402f68446317dad62a030fca97503c28358c17bc91a40165ec548179d4b	Oropouche virus isolate 293566265 segment S nucleoprotein (N) and nonstructrural protein (Ns) genes, complete cds
PQ247831.1	S	716	2024	outbreak	20-Mar-2024	Brazil: Laje, Bahia	Homo sapiens	067cd1ca4cb7ebd1d43dca34383c0642e84cc1efa927a1644214241a453112da	Oropouche virus isolate 293566193 segment S nucleoprotein (N) and nonstructrural protein (Ns) genes, complete cds
PQ247830.1	S	708	2024	outbreak	19-Mar-2024	Brazil: Teolandia, Bahia	Homo sapiens	e085d85f6b2eb9dbb714797c26b5137f2a2d48ea34440a2f5106461a505e19c4	Oropouche virus isolate 293566221 segment S nucleoprotein (N) and nonstructrural protein (Ns) genes, complete cds
PQ247829.1	S	702	2024	outbreak	19-Mar-2024	Brazil: Teolandia, Bahia	Homo sapiens	6d167fbe912c7e5483054ae5128d988ff66598ec28e075e08c67faa5e4f17096	Oropouche virus isolate 293566164 segment S nucleoprotein (N) gene, partial cds; and nonstructrural protein (Ns) gene, complete cds
PQ247828.1	S	709	2024	outbreak	19-Mar-2024	Brazil: Teolandia, Bahia	Homo sapiens	e15a78f752f04e3ec8c51b282c74818c403c220c2c3ee6917849fff89ceca66d	Oropouche virus isolate 293566149 segment S nucleoprotein (N) gene, partial cds; and nonstructrural protein (Ns) gene, complete cds
PQ247827.1	S	719	2024	outbreak	18-Mar-2024	Brazil: Teolandia, Bahia	Homo sapiens	95a4afe6aa9efefa6b9b8e9d75cf9e174d4092992d60b41e9e93b7aad617c5b8	Oropouche virus isolate 293566066 segment S nucleoprotein (N) and nonstructrural protein (Ns) genes, complete cds
PQ247826.1	S	715	2024	outbreak	20-Mar-2024	Brazil: Teolandia, Bahia	Homo sapiens	046c672ced919c40817ebc066ae16ce7acdbb597a4ded607ee0d9a5f0533a02d	Oropouche virus isolate 293565817 segment S nucleoprotein (N) and nonstructrural protein (Ns) genes, complete cds
PQ247825.1	S	711	2024	outbreak	18-Mar-2024	Brazil: Teolandia, Bahia	Homo sapiens	3a51a16469735ad9412a87bec007240a6a6af774d564831061c9f551a7803a56	Oropouche virus isolate 293560411 segment S nucleoprotein (N) and nonstructrural protein (Ns) genes, complete cds
PQ247824.1	S	710	2024	outbreak	18-Mar-2024	Brazil: Teolandia, Bahia	Homo sapiens	87d906e35205bf94e12d1061c878854f90936de5eba822f9c68b9c3c611e8082	Oropouche virus isolate 293560388 segment S nucleoprotein (N) and nonstructrural protein (Ns) genes, complete cds
PQ247823.1	S	706	2024	outbreak	18-Mar-2024	Brazil: Taperoa, Bahia	Homo sapiens	b03b23db84fe561d2871b681c435b57db81f3bae6cc06f796c3a1b60eb740bd9	Oropouche virus isolate 293560344 segment S nucleoprotein (N) gene, partial cds; and nonstructrural protein (Ns) gene, complete cds
PQ247822.1	S	710	2024	outbreak	18-Mar-2024	Brazil: Teolandia, Bahia	Homo sapiens	0d52c6d24c33f199380673c6507f70357831b6ddfdf1b5eb9cd6643b3441b36e	Oropouche virus isolate 293560307 segment S nucleoprotein (N) and nonstructrural protein (Ns) genes, complete cds
PQ247821.1	S	699	2024	outbreak	17-Mar-2024	Brazil: Teolandia, Bahia	Homo sapiens	3ce7d9d680bc4e147f3559abc27391f988d6aec35e948b68861f9da25ae4ddfc	Oropouche virus isolate 293560184 segment S nucleoprotein (N) gene, partial cds; and nonstructrural protein (Ns) gene, complete cds
PQ247820.1	S	705	2024	outbreak	14-Mar-2024	Brazil: Laje, Bahia	Homo sapiens	c67b85e1f6660d75291f5845a99f48af2b2f081cd23915ac68e2abf0200b52dc	Oropouche virus isolate 293548642 segment S nucleoprotein (N) and nonstructrural protein (Ns) genes, complete cds
PQ247819.1	S	725	2024	outbreak	14-Mar-2024	Brazil: Teolandia, Bahia	Homo sapiens	afec94c0e23f3df173f231cb56e93b9cc8923ecc3e02fab287406c0e139b42fb	Oropouche virus isolate 293547121 segment S nucleoprotein (N) and nonstructrural protein (Ns) genes, complete cds
PQ247818.1	S	707	2024	outbreak	10-Mar-2024	Brazil: Valenca, Bahia	Homo sapiens	454efe71edf11937dbcdf8a8328cacb8142540cce2eaabea0c09de67e55a3d9d	Oropouche virus isolate 293548002 segment S nucleoprotein (N) and nonstructrural protein (Ns) genes, complete cds
PQ247817.1	S	711	2024	outbreak	14-Mar-2024	Brazil: Teolandia, Bahia	Homo sapiens	40879fff7cce46fe409fc19c56a854fe5b604a65d693de7510f840eb4f0dca0f	Oropouche virus isolate 293547052 segment S nucleoprotein (N) and nonstructrural protein (Ns) genes, complete cds
PQ247816.1	S	701	2024	outbreak	14-Mar-2024	Brazil: Teolandia, Bahia	Homo sapiens	c791befc5bbf8f6673ed54349b3464585511cc0c5c6f6d633e9a9aa6fe6b3c8a	Oropouche virus isolate 293547081 segment S nucleoprotein (N) gene, partial cds; and nonstructrural protein (Ns) gene, complete cds
PQ247815.1	S	711	2024	outbreak	11-Mar-2024	Brazil: Laje, Bahia	Homo sapiens	c209c04ff0b39d9a872c5402004e0143b7ddd58c8ea9498f42d55fe21079b76e	Oropouche virus isolate 293533690 segment S nucleoprotein (N) and nonstructrural protein (Ns) genes, complete cds
PQ247814.1	S	701	2024	outbreak	11-Mar-2024	Brazil: Laje, Bahia	Homo sapiens	faec0893c410fb565ff40f5f03054b16e145517cea13936e82d15eae4d5112a2	Oropouche virus isolate 293533641 segment S nucleoprotein (N) and nonstructrural protein (Ns) genes, complete cds
PQ247813.1	S	695	2024	outbreak	11-Mar-2024	Brazil: Laje, Bahia	Homo sapiens	39111a2a2fed4d1002e1074d3e178d7dc4144a7b8c8982ab787e66a791749086	Oropouche virus isolate 293533707 segment S nucleoprotein (N) gene, partial cds; and nonstructrural protein (Ns) gene, complete cds
PQ247812.1	S	708	2024	outbreak	08-Mar-2024	Brazil: Valenca, Bahia	Homo sapiens	132931688f3f2dd467f9722d8bebc6a6ef033f062910b157ee457144f1cc0b25	Oropouche virus isolate 293526352 segment S nucleoprotein (N) and nonstructrural protein (Ns) genes, complete cds
PQ247811.1	S	717	2024	outbreak	07-Mar-2024	Brazil: Teolandia, Bahia	Homo sapiens	6ebb33e66fe1bf57211f1e951029edbad53d8a09da71e16e1bad0b2892726a13	Oropouche virus isolate 293522785 segment S nucleoprotein (N) and nonstructrural protein (Ns) genes, complete cds
PQ247810.1	S	713	2024	outbreak	06-Mar-2024	Brazil: Laje, Bahia	Homo sapiens	bbc9018f3238db6f7f4e8ecbf64b39771b21e986d779a9a0aace629154ac79ad	Oropouche virus isolate 293519845 segment S nucleoprotein (N) and nonstructrural protein (Ns) genes, complete cds
PQ247809.1	S	715	2024	outbreak	06-Mar-2024	Brazil: Teolandia, Bahia	Homo sapiens	adae6aee51e8f2f0efcfaad91d52cb377a928b0d78176c139740ae22058527e7	Oropouche virus isolate 293518040 segment S nucleoprotein (N) and nonstructrural protein (Ns) genes, complete cds
PQ247808.1	S	743	2024	outbreak	01-Mar-2024	Brazil: Laje, Bahia	Homo sapiens	ddd870543f8dc4b643eb220ab5abab30ad66d88307dd645e7850b03b3cd16a80	Oropouche virus isolate 293505235 segment S nucleoprotein (N) and nonstructrural protein (Ns) genes, complete cds
PQ247807.1	S	710	2024	outbreak	01-Mar-2024	Brazil: Valenca, Bahia	Homo sapiens	703e6303042910bc4276e32f8bf90ffaa0b40befa349755cce7f8a8e69e94818	Oropouche virus isolate 293505226 segment S nucleoprotein (N) and nonstructrural protein (Ns) genes, complete cds
PQ247806.1	S	748	2024	outbreak	03-May-2024	Brazil: Timoteo, Minas Gerais	Homo sapiens	53d78dc2e06b5f161372575b042a442c2d5c08fe5b498f04ac9178cc167fbaa4	Oropouche virus isolate OROV_120483-24-BM segment S nucleoprotein (N) and nonstructrural protein (Ns) genes, complete cds
PQ247805.1	S	743	2024	outbreak	10-May-2024	Brazil: Timoteo, Minas Gerais	Homo sapiens	12213cad1f17d7e6ac59c256d1d40ee1277f8aef6250d97d9eb59193a93f3675	Oropouche virus isolate OROV_120478-24-BM segment S nucleoprotein (N) and nonstructrural protein (Ns) genes, complete cds
PQ247804.1	S	716	2024	outbreak	28-Feb-2024	Brazil: Laje, Bahia	Homo sapiens	7fc485b841d10c15fd89d8156c3c5c1341c3f14f997bcd1cd436fa2a09182b44	Oropouche virus isolate 293498120 segment S nucleoprotein (N) and nonstructrural protein (Ns) genes, complete cds
PQ247803.1	S	748	2024	outbreak	07-May-2024	Brazil: Coronel Fabriciano, Minas Gerais	Homo sapiens	167b27525c191a3120555d1a1aec8588e1d99d9ac7378883c0e2d077125d25d1	Oropouche virus isolate OROV_120470-24-BM segment S nucleoprotein (N) and nonstructrural protein (Ns) genes, complete cds
PQ247802.1	S	745	2024	outbreak	07-May-2024	Brazil: Coronel Fabriciano, Minas Gerais	Homo sapiens	4cd9ff665e7d81e92569f35b7691d6667fe00b6347803f9f612f553849e13408	Oropouche virus isolate OROV_120469-24-BM segment S nucleoprotein (N) and nonstructrural protein (Ns) genes, complete cds
PQ247801.1	S	752	2024	outbreak	02-May-2024	Brazil: Coronel Fabriciano, Minas Gerais	Homo sapiens	7a8933e09a934f01e04cacecc3b3eb7cfa391b8a1ca8c11394c03fe21bb5c0c1	Oropouche virus isolate OROV_120466-24-BM segment S nucleoprotein (N) and nonstructrural protein (Ns) genes, complete cds
PQ247800.1	S	746	2024	outbreak	10-May-2024	Brazil: Coronel Fabriciano, Minas Gerais	Homo sapiens	d91660899db6f601bb8f2ec622420f1fa428e990670d7fc61087e106f412b3b5	Oropouche virus isolate OROV_120463-24-BM segment S nucleoprotein (N) and nonstructrural protein (Ns) genes, complete cds
PQ247799.1	S	744	2024	outbreak	08-May-2024	Brazil: Timoteo, Minas Gerais	Homo sapiens	133e9b3f3b99a6efddec4dbcfc095d5d4e35f9cf1a3983bbadcb204967ea4d20	Oropouche virus isolate OROV_120464-24-BM segment S nucleoprotein (N) and nonstructrural protein (Ns) genes, complete cds
PQ247798.1	S	750	2024	outbreak	06-May-2024	Brazil: Timoteo, Minas Gerais	Homo sapiens	ccc40e9cb88ff974ee4d062bbccccf01a94ef13b70dcf980014ec07efc21d9d0	Oropouche virus isolate OROV_120456-24-BM segment S nucleoprotein (N) and nonstructrural protein (Ns) genes, complete cds
PQ247797.1	S	747	2024	outbreak	04-Apr-2024	Brazil: Joanesia, Minas Gerais	Homo sapiens	6f905d638fb3a4fafbe3ebef14eb1a688d5f1a0d595003eaf03b7d8794a51e6f	Oropouche virus isolate OROV_107560-24-BM segment S nucleoprotein (N) and nonstructrural protein (Ns) genes, complete cds
PQ247796.1	S	749	2024	outbreak	08-Apr-2024	Brazil: Joanesia, Minas Gerais	Homo sapiens	0de2af76b25dc3000343985475ee182e4df017e41339b62c461c590e05d241de	Oropouche virus isolate OROV_107557-24-BM segment S nucleoprotein (N) and nonstructrural protein (Ns) genes, complete cds
PQ247795.1	S	748	2024	outbreak	05-Apr-2024	Brazil: Joanesia, Minas Gerais	Homo sapiens	af542126becdd77955663e6e97718f0224e4459b05f41c1e2fc844230529e66f	Oropouche virus isolate OROV_107559-24-BM segment S nucleoprotein (N) and nonstructrural protein (Ns) genes, complete cds
PQ247794.1	S	747	2024	outbreak	10-Apr-2024	Brazil: Joanesia, Minas Gerais	Homo sapiens	93b0ea3ee11e6aac91f166147148d755ed4516deb7218540391f473c152efb11	Oropouche virus isolate OROV_107558-24-BM segment S nucleoprotein (N) and nonstructrural protein (Ns) genes, complete cds
PQ247793.1	S	747	2024	outbreak	05-Apr-2024	Brazil: Joanesia, Minas Gerais	Homo sapiens	7bfd82024c7d40e80da1235bf1bbc7997d8cbf1c96eb7de392d98cbc1a1689da	Oropouche virus isolate OROV_107554-24-BM segment S nucleoprotein (N) and nonstructrural protein (Ns) genes, complete cds
PQ247792.1	S	748	2024	outbreak	08-Apr-2024	Brazil: Joanesia, Minas Gerais	Homo sapiens	70596f7e43123a8a8fd7653002ecd4b639331022db87cd157df1ca9d7ab0eb31	Oropouche virus isolate OROV_107553-24-BM segment S nucleoprotein (N) and nonstructrural protein (Ns) genes, complete cds
PQ247791.1	S	746	2024	outbreak	08-Apr-2024	Brazil: Joanesia, Minas Gerais	Homo sapiens	f23cfa3c71fbb683e83f57c129a23c97330f03075a037f9061f92153182b9738	Oropouche virus isolate OROV_107549-24-BM segment S nucleoprotein (N) and nonstructrural protein (Ns) genes, complete cds
PQ247790.1	S	749	2024	outbreak	09-Apr-2024	Brazil: Joanesia, Minas Gerais	Homo sapiens	7a89fa9826554dcc52fcbfa6f6766e43d7553f379f618c4ff749970a61113564	Oropouche virus isolate OROV_107550-24-BM segment S nucleoprotein (N) and nonstructrural protein (Ns) genes, complete cds
PQ247789.1	S	749	2024	outbreak	08-Apr-2024	Brazil: Joanesia, Minas Gerais	Homo sapiens	26598a101399aadca75c56c503c74f1abf661a40d811de7144d12d0d2b711a83	Oropouche virus isolate OROV_107546-24-BM segment S nucleoprotein (N) and nonstructrural protein (Ns) genes, complete cds
PQ247788.1	S	749	2024	outbreak	08-Apr-2024	Brazil: Joanesia, Minas Gerais	Homo sapiens	a7056d588e7bb5b7989754f31e6f894b76dbecb9ff30eced15a694cd9c2a8375	Oropouche virus isolate OROV_107536-24-BM segment S nucleoprotein (N) and nonstructrural protein (Ns) genes, complete cds
PQ247787.1	S	748	2024	outbreak	08-Apr-2024	Brazil: Joanesia, Minas Gerais	Homo sapiens	d4e2e75bf956b7b35e4b3060540ea87aa8b43dc179a02ace1bd714b25272ab0d	Oropouche virus isolate OROV_107545-24-BM segment S nucleoprotein (N) and nonstructrural protein (Ns) genes, complete cds
PQ247786.1	S	746	2024	outbreak	04-Apr-2024	Brazil: Joanesia, Minas Gerais	Homo sapiens	4fe8c7677ccc38522d290bb6eb1368d712da8e0f1e4e39882d12423a9d54f44b	Oropouche virus isolate OROV_107539-24-BM segment S nucleoprotein (N) and nonstructrural protein (Ns) genes, complete cds
PQ247785.1	S	748	2024	outbreak	10-Apr-2024	Brazil: Joanesia, Minas Gerais	Homo sapiens	117d61c088ef86e4282c78f46ff648334f6de33a08037bab1d2407f578eceb48	Oropouche virus isolate OROV_107540-24-BM segment S nucleoprotein (N) and nonstructrural protein (Ns) genes, complete cds
PQ247784.1	S	749	2024	outbreak	09-Apr-2024	Brazil: Joanesia, Minas Gerais	Homo sapiens	544f267a2636c2f7a1da475682362e0bc83cbb7008dffa8d9e8f4b261035f92d	Oropouche virus isolate OROV_107544-24-BM segment S nucleoprotein (N) and nonstructrural protein (Ns) genes, complete cds
PQ247783.1	S	746	2024	outbreak	08-Apr-2024	Brazil: Joanesia, Minas Gerais	Homo sapiens	177d364a737db63fcf858768e1d5f5b641fb374e1dab771f6c52d9181c222150	Oropouche virus isolate OROV_107534-24-BM segment S nucleoprotein (N) and nonstructrural protein (Ns) genes, complete cds
PQ247782.1	S	748	2024	outbreak	04-Apr-2024	Brazil: Joanesia, Minas Gerais	Homo sapiens	77321f6557cff856dbfbfcc62582b747e1a114dc9d817bc5ebc96d6e16ae3a0d	Oropouche virus isolate OROV_107531-24-BM segment S nucleoprotein (N) and nonstructrural protein (Ns) genes, complete cds
PQ247781.1	S	746	2024	outbreak	08-Apr-2024	Brazil: Joanesia, Minas Gerais	Homo sapiens	063d4b9be532b3cc3a1cfdfc26d620ce6951e673c6111c70b55b1e02dda7bb60	Oropouche virus isolate OROV_107532-24-BM segment S nucleoprotein (N) and nonstructrural protein (Ns) genes, complete cds
PQ247780.1	S	749	2024	outbreak	03-Apr-2024	Brazil: Joanesia, Minas Gerais	Homo sapiens	3eae9a2f1972295d644e734a0b4db34ebe940790cf65975c451ac8ab9cf6af5a	Oropouche virus isolate OROV_101885-24-BM segment S nucleoprotein (N) and nonstructrural protein (Ns) genes, complete cds
PQ247779.1	S	747	2024	outbreak	05-Apr-2024	Brazil: Joanesia, Minas Gerais	Homo sapiens	40c21ca2a661e754cf198b8bce4da683c7c331c708e7c0fe22189497387f1f9e	Oropouche virus isolate OROV_107530-24-BM segment S nucleoprotein (N) and nonstructrural protein (Ns) genes, complete cds
PQ247778.1	S	748	2024	outbreak	01-Apr-2024	Brazil: Joanesia, Minas Gerais	Homo sapiens	26a965f9645ef6d9bb69ea544e7ad99f04d03de761d347c28dad5810d46ba7ab	Oropouche virus isolate OROV_101878-24-BM segment S nucleoprotein (N) and nonstructrural protein (Ns) genes, complete cds
PQ247777.1	S	744	2024	outbreak	02-Apr-2024	Brazil: Joanesia, Minas Gerais	Homo sapiens	75c2e5c56f3e7637a32aaf9aa1ab0a559fcb1954ffc1173a2a9291df669c1b60	Oropouche virus isolate OROV_101877-24-BM segment S nucleoprotein (N) and nonstructrural protein (Ns) genes, complete cds
PQ247776.1	S	747	2024	outbreak	02-Apr-2024	Brazil: Joanesia, Minas Gerais	Homo sapiens	0a80084ae66b87768432ec825071a7dfedd0a75016d4b98038aef96e51c80177	Oropouche virus isolate OROV_101876-24-BM segment S nucleoprotein (N) and nonstructrural protein (Ns) genes, complete cds
PQ247775.1	S	745	2024	outbreak	03-Apr-2024	Brazil: Joanesia, Minas Gerais	Homo sapiens	55bb93e9b45fb2ebb0399a08187ee8349c4f7a7788cfaefce869aacc833b5b3c	Oropouche virus isolate OROV_101873-24-BM segment S nucleoprotein (N) and nonstructrural protein (Ns) genes, complete cds
PQ247774.1	S	749	2024	outbreak	02-Apr-2024	Brazil: Joanesia, Minas Gerais	Homo sapiens	02b12366f2029ed42b9c18485084a57c4a564924b8403f90a4fec0a89ec483a5	Oropouche virus isolate OROV_101870-24-BM segment S nucleoprotein (N) and nonstructrural protein (Ns) genes, complete cds
PQ247773.1	S	749	2024	outbreak	12-Apr-2024	Brazil: Timoteo, Minas Gerais	Homo sapiens	efbc5cbd0f0183e984a0ad34bd75c2baf39a8f02abae075ba7c52f21de875799	Oropouche virus isolate OROV_101854-24-BM segment S nucleoprotein (N) and nonstructrural protein (Ns) genes, complete cds
PQ247772.1	S	747	2024	outbreak	12-Apr-2024	Brazil: Timoteo, Minas Gerais	Homo sapiens	a497bf9ba4841b50d83cfe61ba6595fcc91a3b7764dfdf2d998821569c183e97	Oropouche virus isolate OROV_101852-24-BM segment S nucleoprotein (N) and nonstructrural protein (Ns) genes, complete cds
PQ247771.1	S	750	2024	outbreak	12-Apr-2024	Brazil: Timoteo, Minas Gerais	Homo sapiens	38b2ae4a61fbb67eca1e46dc9fcdd57b7af46ecac06430226eb96960528e9b05	Oropouche virus isolate OROV_101856-24-BM segment S nucleoprotein (N) and nonstructrural protein (Ns) genes, complete cds
PQ247770.1	S	749	2024	outbreak	12-Apr-2024	Brazil: Timoteo, Minas Gerais	Homo sapiens	1a7b19383b1575589692ce79ed35558227cfb43d2e0b641c0f195d201085d1f4	Oropouche virus isolate OROV_101849-24-BM segment S nucleoprotein (N) and nonstructrural protein (Ns) genes, complete cds
PQ247769.1	S	746	2024	outbreak	12-Apr-2024	Brazil: Timoteo, Minas Gerais	Homo sapiens	138b63f7ff2e13c87443e5b74a4c2d8b97ebd3319a57b1f500f6d49b835dd2df	Oropouche virus isolate OROV_101845-24-BM segment S nucleoprotein (N) and nonstructrural protein (Ns) genes, complete cds
PQ247768.1	S	747	2024	outbreak	08-Apr-2024	Brazil: Timoteo, Minas Gerais	Homo sapiens	f86c4df0c43491c9e7a76dfbabedab4a6b8c8f40e53c36004f13c28a59e1b5d0	Oropouche virus isolate OROV_101827-24-BM segment S nucleoprotein (N) and nonstructrural protein (Ns) genes, complete cds
PQ247767.1	S	749	2024	outbreak	16-Apr-2024	Brazil: Timoteo, Minas Gerais	Homo sapiens	84f91ee0e8a927d4c53622c608dfb9e7f93ce9a4baa61eddd6b4f443e37b4704	Oropouche virus isolate OROV_101843-24-BM segment S nucleoprotein (N) and nonstructrural protein (Ns) genes, complete cds
PQ247766.1	S	745	2024	outbreak	15-Apr-2024	Brazil: Timoteo, Minas Gerais	Homo sapiens	56b1b71fa036853a729c585f65d231e5641cd30faf1f9455eb0c3ff0fe6197fa	Oropouche virus isolate OROV_101837-24-BM segment S nucleoprotein (N) and nonstructrural protein (Ns) genes, complete cds
PQ247765.1	S	745	2024	outbreak	15-Apr-2024	Brazil: Joanesia, Minas Gerais	Homo sapiens	bdcb0ac7273f3fbfc113554ecc2f04c613a1c4e6791761bbd6875a56bdba1dde	Oropouche virus isolate OROV_101669-24-BM segment S nucleoprotein (N) and nonstructrural protein (Ns) genes, complete cds
PQ247764.1	S	749	2024	outbreak	04-Apr-2024	Brazil: Timoteo, Minas Gerais	Homo sapiens	d815bb5803919ad18417305e9c3df2c4bf4d0a45569a36d07269b92bd34699ac	Oropouche virus isolate OROV_101820-24-BM segment S nucleoprotein (N) and nonstructrural protein (Ns) genes, complete cds
PQ247763.1	S	746	2024	outbreak	15-Apr-2024	Brazil: Joanesia, Minas Gerais	Homo sapiens	60402266cec632197b716608247b8fe468c4a3b7c7eca4e6cfd7a65bbeaade58	Oropouche virus isolate OROV_101667-24-BM segment S nucleoprotein (N) and nonstructrural protein (Ns) genes, complete cds
PQ247762.1	S	747	2024	outbreak	15-Apr-2024	Brazil: Joanesia, Minas Gerais	Homo sapiens	c9bb879b5e29179ad064f31c532e7defea1be8a2a01e6b7eb5fdcf8e79d0f6e0	Oropouche virus isolate OROV_101671-24-BM segment S nucleoprotein (N) and nonstructrural protein (Ns) genes, complete cds
PQ247761.1	S	750	2024	outbreak	15-Apr-2024	Brazil: Joanesia, Minas Gerais	Homo sapiens	73121445d6bc30e74f77e0416d81e77ef7ff4dba0a72c345eb7d29502d4ccd1b	Oropouche virus isolate OROV_101668-24-BM segment S nucleoprotein (N) and nonstructrural protein (Ns) genes, complete cds
PQ247760.1	S	749	2024	outbreak	15-Apr-2024	Brazil: Joanesia, Minas Gerais	Homo sapiens	117f219935ac65137f777c1e223d14f2956a2fb29505bab1b3ac76e60e58b52d	Oropouche virus isolate OROV_101666-24-BM segment S nucleoprotein (N) and nonstructrural protein (Ns) genes, complete cds
PQ247759.1	S	748	2024	outbreak	15-Apr-2024	Brazil: Joanesia, Minas Gerais	Homo sapiens	4d9ec235416ba59a12fc43034ebe5be3707ed1680a0a3eae7bbad41c98d31403	Oropouche virus isolate OROV_101665-24-BM segment S nucleoprotein (N) and nonstructrural protein (Ns) genes, complete cds
PQ247758.1	S	747	2024	outbreak	12-Apr-2024	Brazil: Coronel Fabriciano, Minas Gerais	Homo sapiens	0976b1de70013a1ce6809d4f54528c5fef37e53d30a2a9bd50b1d8c5330cf4cf	Oropouche virus isolate OROV_101659-24-BM segment S nucleoprotein (N) and nonstructrural protein (Ns) genes, complete cds
PQ247757.1	S	748	2024	outbreak	16-Apr-2024	Brazil: Coronel Fabriciano, Minas Gerais	Homo sapiens	f4aa555705dcf06b3cde68bad6f99e567e72bb02a0003f2335e16e74d18fee8b	Oropouche virus isolate OROV_101658-24-BM segment S nucleoprotein (N) and nonstructrural protein (Ns) genes, complete cds
PQ247756.1	S	747	2024	outbreak	03-Apr-2024	Brazil: Coronel Fabriciano, Minas Gerais	Homo sapiens	1f7b618af8507d4311700dafe551a95b515808158ac963c8a091e7093cec1de6	Oropouche virus isolate OROV_101657-24-BM segment S nucleoprotein (N) and nonstructrural protein (Ns) genes, complete cds
PQ247755.1	S	746	2024	outbreak	02-Apr-2024	Brazil: Coronel Fabriciano, Minas Gerais	Homo sapiens	78751f132a82eb74c12a2304f13527d92843849d0c106022066df13ec40be720	Oropouche virus isolate OROV_101649-24-BM segment S nucleoprotein (N) and nonstructrural protein (Ns) genes, complete cds
PQ247754.1	S	747	2024	outbreak	12-Apr-2024	Brazil: Coronel Fabriciano, Minas Gerais	Homo sapiens	c78ecfacfe8404c15f82d4448c60e147c6db0e54bd82f000852623d98f937f9d	Oropouche virus isolate OROV_101644-24-BM segment S nucleoprotein (N) and nonstructrural protein (Ns) genes, complete cds
PQ247753.1	S	749	2024	outbreak	08-Apr-2024	Brazil: Coronel Fabriciano, Minas Gerais	Homo sapiens	e225bffa64073f62324b4ba255da6c045d653c3c3b775c46c695642ade253020	Oropouche virus isolate OROV_101655-24-BM segment S nucleoprotein (N) and nonstructrural protein (Ns) genes, complete cds
PQ247752.1	S	748	2024	outbreak	03-Apr-2024	Brazil: Coronel Fabriciano, Minas Gerais	Homo sapiens	eccd6228d98b1f14dee815f94b43ec2adb703fc268a5488fd89d4b95819d7175	Oropouche virus isolate OROV_101650-24-BM segment S nucleoprotein (N) and nonstructrural protein (Ns) genes, complete cds
PQ247751.1	S	747	2024	outbreak	17-Apr-2024	Brazil: Timoteo, Minas Gerais	Homo sapiens	4ed836f0fdae6d6bff5f7a5418362deb989ec9c4f0b81bafd0dcb9361ac39fda	Oropouche virus isolate OROV_101642-24-BM segment S nucleoprotein (N) and nonstructrural protein (Ns) genes, complete cds
PQ247750.1	S	748	2024	outbreak	04-Apr-2024	Brazil: Coronel Fabriciano, Minas Gerais	Homo sapiens	f30d370f16d07a5715a7f7361f2a27483d0feab713b5c1aca2515f751f9e4d6b	Oropouche virus isolate OROV_101641-24-BM segment S nucleoprotein (N) and nonstructrural protein (Ns) genes, complete cds
PQ247749.1	S	744	2024	outbreak	05-Apr-2024	Brazil: Coronel Fabriciano, Minas Gerais	Homo sapiens	a07a140deee6ad63d3bdb46e4375218d457b440ca28c72113539d0172cfa3416	Oropouche virus isolate OROV_101630-24-BM segment S nucleoprotein (N) and nonstructrural protein (Ns) genes, complete cds
PQ247748.1	S	745	2024	outbreak	08-Apr-2024	Brazil: Coronel Fabriciano, Minas Gerais	Homo sapiens	8e483ac00b99ea51ba52478bbcc9c93c99bd5cb709a19b17b6ae8c11575a625f	Oropouche virus isolate OROV_101635-24-BM segment S nucleoprotein (N) and nonstructrural protein (Ns) genes, complete cds
PQ247747.1	S	747	2024	outbreak	04-Apr-2024	Brazil: Coronel Fabriciano, Minas Gerais	Homo sapiens	044bf7f9a836c34b0363458e049cb5a018d6aa2309c476d054f396a1a5513387	Oropouche virus isolate OROV_101640-24-BM segment S nucleoprotein (N) and nonstructrural protein (Ns) genes, complete cds
PQ247746.1	S	748	2024	outbreak	02-Apr-2024	Brazil: Coronel Fabriciano, Minas Gerais	Homo sapiens	3ecf7210af0dc3dce422a816f250d92067cab5d673f74b923323b079bbc262a3	Oropouche virus isolate OROV_101632-24-BM segment S nucleoprotein (N) and nonstructrural protein (Ns) genes, complete cds
PQ247745.1	S	746	2024	outbreak	12-Apr-2024	Brazil: Coronel Fabriciano, Minas Gerais	Homo sapiens	acc6441a42ba8295fbb43e5f0815982db0b0a18362df738431428028a524a345	Oropouche virus isolate OROV_101629-24-BM segment S nucleoprotein (N) and nonstructrural protein (Ns) genes, complete cds
PQ247744.1	S	749	2024	outbreak	02-Apr-2024	Brazil: Coronel Fabriciano, Minas Gerais	Homo sapiens	75957ef7162c7e5f448171c57c4caef4c133bd9e6e1dcba5ebab129ec9465586	Oropouche virus isolate OROV_101627-24-BM segment S nucleoprotein (N) and nonstructrural protein (Ns) genes, complete cds
PQ247743.1	S	745	2024	outbreak	08-Apr-2024	Brazil: Coronel Fabriciano, Minas Gerais	Homo sapiens	ccb0e03c8d8665a566a002c3f2d35f636e3053ea595727a15819ada24ed475ce	Oropouche virus isolate OROV_101624-24-BM segment S nucleoprotein (N) and nonstructrural protein (Ns) genes, complete cds
PQ247742.1	S	748	2024	outbreak	03-Apr-2024	Brazil: Coronel Fabriciano, Minas Gerais	Homo sapiens	952ae5e8b045f901c1534e57313d878ab7a3aa4927a87e37fc39259b09302f52	Oropouche virus isolate OROV_101622-24-BM segment S nucleoprotein (N) and nonstructrural protein (Ns) genes, complete cds
PQ247741.1	S	746	2024	outbreak	12-Apr-2024	Brazil: Coronel Fabriciano, Minas Gerais	Homo sapiens	0a960a14be9639f06e5425fe4eda11844821e47e27b06ef51c5fbad766dda9c7	Oropouche virus isolate OROV_101625-24-BM segment S nucleoprotein (N) and nonstructrural protein (Ns) genes, complete cds
PQ247740.1	S	747	2024	outbreak	15-Apr-2024	Brazil: Coronel Fabriciano, Minas Gerais	Homo sapiens	bafb8a0ba332ec6ec7477eb86b756b21ac87b5e35a221e79beda126863369c0d	Oropouche virus isolate OROV_101620-24-BM segment S nucleoprotein (N) and nonstructrural protein (Ns) genes, complete cds
PQ247739.1	S	744	2024	outbreak	05-Apr-2024	Brazil: Coronel Fabriciano, Minas Gerais	Homo sapiens	4b19e1e300335fa0ad30c966044a723a5298d10935f24ea94923c05c6896efef	Oropouche virus isolate OROV_101619-24-BM segment S nucleoprotein (N) and nonstructrural protein (Ns) genes, complete cds
PQ247738.1	S	745	2024	outbreak	03-Apr-2024	Brazil: Coronel Fabriciano, Minas Gerais	Homo sapiens	8f571a7cd6ce4738d0711e92a85fd040b3744ca5c89fb894e201e541f09455d1	Oropouche virus isolate OROV_101616-24-BM segment S nucleoprotein (N) and nonstructrural protein (Ns) genes, complete cds
PQ247737.1	S	749	2024	outbreak	15-Apr-2024	Brazil: Coronel Fabriciano, Minas Gerais	Homo sapiens	913f65a7361c4a65a366105c840d5584e3a331d7b73030b9b6389b8ecfbf9a4b	Oropouche virus isolate OROV_101614-24-BM segment S nucleoprotein (N) and nonstructrural protein (Ns) genes, complete cds
PQ247736.1	S	746	2024	outbreak	03-Apr-2024	Brazil: Coronel Fabriciano, Minas Gerais	Homo sapiens	8148ed6b41a1e255e6f617c2ca26d5572e646a80c71c2e266d506cb6baf17e5e	Oropouche virus isolate OROV_101618-24-BM segment S nucleoprotein (N) and nonstructrural protein (Ns) genes, complete cds
PQ247735.1	S	747	2024	outbreak	05-Apr-2024	Brazil: Coronel Fabriciano, Minas Gerais	Homo sapiens	7f3d982b368af8f7ae48cbee736a151114e0a1f4d7f1247ed24bbd294886f51f	Oropouche virus isolate OROV_101613-24-BM segment S nucleoprotein (N) and nonstructrural protein (Ns) genes, complete cds
PQ247734.1	S	749	2024	outbreak	15-Apr-2024	Brazil: Coronel Fabriciano, Minas Gerais	Homo sapiens	56838423616e248ea6f983a57e7211236ade44c09142b7619112af93f156b8ce	Oropouche virus isolate OROV_101611-24-BM segment S nucleoprotein (N) and nonstructrural protein (Ns) genes, complete cds
PQ247733.1	S	749	2024	outbreak	16-Apr-2024	Brazil: Coronel Fabriciano, Minas Gerais	Homo sapiens	c13d077cdd8719ff3411a66e711bf3332a257ba19653b14d0797636f73d118ad	Oropouche virus isolate OROV_101609-24-BM segment S nucleoprotein (N) and nonstructrural protein (Ns) genes, complete cds
PQ247732.1	S	746	2024	outbreak	05-Apr-2024	Brazil: Coronel Fabriciano, Minas Gerais	Homo sapiens	0f3a2f0a264ed225e8e2137cb49a315a7ded5b252434234cf1f96ad223398925	Oropouche virus isolate OROV_101610-24-BM segment S nucleoprotein (N) and nonstructrural protein (Ns) genes, complete cds
PQ247731.1	S	747	2024	outbreak	12-Apr-2024	Brazil: Coronel Fabriciano, Minas Gerais	Homo sapiens	06e266e0de73e36e67ffc6bb652420382b504cdc3f7b1b243742317ee004d7a3	Oropouche virus isolate OROV_101603-24-BM segment S nucleoprotein (N) and nonstructrural protein (Ns) genes, complete cds
PQ247730.1	S	744	2024	outbreak	19-Apr-2024	Brazil: Ipatinga, Minas Gerais	Homo sapiens	5272c250619ac4ebce976354f332ff90c31bf52179d317c89c305b8dda9a7438	Oropouche virus isolate OROV_MG_103278.24_2024 segment S nucleoprotein (N) and nonstructrural protein (Ns) genes, complete cds
PQ247729.1	S	749	2024	outbreak	12-Apr-2024	Brazil: Coronel Fabriciano, Minas Gerais	Homo sapiens	088917356c6b52f9b999e79af357753cf6f49c532dcddd19d2c8c6bb935d82aa	Oropouche virus isolate OROV_101602-24-BM segment S nucleoprotein (N) and nonstructrural protein (Ns) genes, complete cds
PQ247728.1	S	744	2024	outbreak	03-Apr-2024	Brazil: Gonzaga, Minas Gerais	Homo sapiens	148642f66875d4ce1de5d69c9df98eb3ebead44d5c040986c6f28cf3dd4aa8c3	Oropouche virus isolate OROV_MG_92736.24_2024 segment S nucleoprotein (N) and nonstructrural protein (Ns) genes, complete cds
PQ247727.1	S	747	2024	outbreak	16-Apr-2024	Brazil: Congonhas, Minas Gerais	Homo sapiens	c8288a35b3fb1854a9676b423b86fe792dd899e1c8a6011fffaae06a0cf6ae77	Oropouche virus isolate OROV_MG_103548.24_2024 segment S nucleoprotein (N) and nonstructrural protein (Ns) genes, complete cds
PQ247726.1	S	743	2024	outbreak	18-Apr-2024	Brazil: Ipatinga, Minas Gerais	Homo sapiens	be972fd84421b7d7b2b1fc41b3a577fa86615699c7a744702ffec5e0f43631cd	Oropouche virus isolate OROV_MG_103270.24_2024 segment S nucleoprotein (N) and nonstructrural protein (Ns) genes, complete cds
PQ247725.1	S	746	2024	outbreak	12-Apr-2024	Brazil: Botuvera, Santa Catarina	Homo sapiens	e59d668a1161542690805e5017c200e25d1b6631d4b0b25eb59225500b46336d	Oropouche virus isolate OROV_SC_03.24_2024 segment S nucleoprotein (N) and nonstructrural protein (Ns) genes, complete cds
PQ247724.1	S	746	2024	outbreak	17-Apr-2024	Brazil: Botuvera, Santa Catarina	Homo sapiens	d161c820541da0d1abb610abdea779be794e67b0287717fc5d361766ebb4be43	Oropouche virus isolate OROV_SC_04.24_2024 segment S nucleoprotein (N) and nonstructrural protein (Ns) genes, complete cds
PQ247723.1	S	746	2024	outbreak	27-Feb-2024	Brazil: Rio Branco, Acre	Homo sapiens	d81e4930157edf65d78b891cc884a72833fc34a8d7a822e692380094413d4e18	Oropouche virus isolate OROV_AC_17.24_2024 segment S nucleoprotein (N) and nonstructrural protein (Ns) genes, complete cds
PQ247722.1	S	743	2024	outbreak	15-Apr-2024	Brazil: Marlieria, Minas Gerais	Homo sapiens	27fb77cf496459e745d8f5bdc0360fd8d91038bdfe2da90251ef343d5cec25bd	Oropouche virus isolate OROV_MG_101672.24_2024 segment S nucleoprotein (N) and nonstructrural protein (Ns) genes, complete cds
PQ247721.1	S	738	2024	outbreak	11-Apr-2024	Brazil: Botuvera, Santa Catarina	Homo sapiens	df1072999797434af150064f030275d436e7aaab85b6e26056b0d14f0ffb1606	Oropouche virus isolate OROV_SC_02.24_2024 segment S nucleoprotein (N) and nonstructrural protein (Ns) genes, complete cds
PQ247720.1	S	743	2024	outbreak	29-Feb-2024	Brazil: Cruzeiro do Sul, Acre	Homo sapiens	626b84abc5e4b2d148339034158420e67dafce0f3e9dcf9fdeb070f018dc9d66	Oropouche virus isolate OROV_AC_15.24_2024 segment S nucleoprotein (N) and nonstructrural protein (Ns) genes, complete cds
PQ247719.1	S	740	2024	outbreak	26-Feb-2024	Brazil: Cruzeiro do Sul, Acre	Homo sapiens	22b230da2f20d8dd6c1e98c64c3500ae7b52cfa270a21448b8cb1108093549b2	Oropouche virus isolate OROV_AC_10.24_2024 segment S nucleoprotein (N) and nonstructrural protein (Ns) genes, complete cds
PQ247718.1	S	742	2024	outbreak	02-Feb-2024	Brazil: Cruzeiro do Sul, Acre	Homo sapiens	f1dc000f8830748358f1ba838e8e567b4f1e3048250fb23d92928f95ae75f123	Oropouche virus isolate OROV_AC_14.24_2024 segment S nucleoprotein (N) and nonstructrural protein (Ns) genes, complete cds
PQ247717.1	S	735	2024	outbreak	01-Mar-2024	Brazil: Cruzeiro do Sul, Acre	Homo sapiens	c606f35c80fb00d3e07cffb8fd0005b0e16fe720e9aa01d6f55895978d778b67	Oropouche virus isolate OROV_AC_04.24_2024 segment S nucleoprotein (N) and nonstructrural protein (Ns) genes, complete cds
PQ247716.1	S	741	2024	outbreak	01-Mar-2024	Brazil: Cruzeiro do Sul, Acre	Homo sapiens	d2ddd578bc38fb8db9120764ccfa2b90af87945cb56628b91f9e591d2daf9070	Oropouche virus isolate OROV_AC_03.24_2024 segment S nucleoprotein (N) and nonstructrural protein (Ns) genes, complete cds
PP477314.1	S	952	2024	outbreak	2024-02-08	Colombia	Homo sapiens	95d7519de01b65f672040ffefe082ad765daf17681b9a9c0611bb8e95007535a	Oropouche virus isolate LET-2093 segment S, complete sequence
PP477313.1	S	776	2024	outbreak	2024-02-15	Colombia	Homo sapiens	62d84f1f2b15917c749000aa6526e995fea3628eae1e193a3ae660d9a88ac5cd	Oropouche virus isolate LET-2116 segment S, complete sequence
PP477312.1	S	952	2024	outbreak	2024-02-06	Colombia	Homo sapiens	ad0dc50f00dceb0f52b70ba2eed19f5c51854d76477d569f30736152e3164a5e	Oropouche virus isolate LET-2088 segment S, complete sequence
PP477311.1	S	951	2024	outbreak	2024-02-12	Colombia	Homo sapiens	bb732552a7a22fd28e0f1fa97d819e04e0b7dd4dd9abef0398d019e4ddcf2bba	Oropouche virus isolate LET-2099 segment S, complete sequence
PP477310.1	S	953	2024	outbreak	2024-02-13	Colombia	Homo sapiens	36476a059b05b0f929ca65422cefe76e8d3ad9b409d618cfb9160cae7b0af753	Oropouche virus isolate LET-2102 segment S, complete sequence
PP477309.1	S	953	2024	outbreak	2024-02-05	Colombia	Homo sapiens	e22646f0cbb492b22ccd3834d38324a816acc66396a720f46cbb6b627d482d51	Oropouche virus isolate LET-2083 segment S, complete sequence
PQ197414.1	S	754	2024	outbreak	17-Apr-2024	Brazil: Espirito Santo, Laranja da Terra	Homo sapiens; female; 12 years	6f5fc8014bcc24a387c1ed8aa56d38b8c9cd0cfaf0ffaf6fc23cee003f33663a	Oropouche virus isolate LEIAL2081 segment S, complete sequence
PQ197411.1	S	754	2024	outbreak	17-Apr-2024	Brazil: Espirito Santo, Laranja da Terra	Homo sapiens; female; 45 years	36d862ffab5b2b32940b7981a9e51828600c06c616b58ef8085caad0f77dbb6e	Oropouche virus isolate LEIAL2080 segment S, complete sequence
PQ197408.1	S	754	2024	outbreak	24-Mar-2024	Brazil: Espirito Santo, Rio Bananal	Homo sapiens; male; 60 years	e4985470b3f7b04211342b5e164c5d276c550a2b4514e51157efae6db841a3e1	Oropouche virus isolate LEIAL2079 segment S, complete sequence
PQ197405.1	S	754	2024	outbreak	22-Apr-2024	Brazil: Espirito Santo, Rio Bananal	Homo sapiens; male; 32 years	97e1df5083ece08cb7b59eef163f8995329365c6d0fd21072f5bb4803a5423be	Oropouche virus isolate LEIAL2078 segment S, complete sequence
PQ197402.1	S	754	2024	outbreak	15-Apr-2024	Brazil: Espirito Santo, Colatina	Homo sapiens; male; 53 years	3a47be544cfeee1cfbfde867e52c50d2fcef9828f1d47cc382062f8f96a41406	Oropouche virus isolate LEIAL2077 segment S, complete sequence
PQ197399.1	S	754	2024	outbreak	12-Apr-2024	Brazil: Espirito Santo, Colatina	Homo sapiens; female; 43 years	fb38022db285159d9c882f73e484b88421c488776858bb9b69997af4b418521b	Oropouche virus isolate LEIAL2076 segment S, complete sequence
PQ197396.1	S	754	2024	outbreak	22-Jan-2024	Brazil: Sao Paulo, Sao Paulo	Homo sapiens; male; 33 years	fecab24e049be2d71019d666a176668f0e9d0254ec00a5a20095354b72693652	Oropouche virus isolate LEIAL1495 segment S, complete sequence
PQ185971.1	S	743	2024	outbreak	25-Apr-2024	Brazil: Sao Paulo, Cajati	Homo sapiens	c4385466bbe30295ea1157be2f80354c98a9a4ec3ac6c611c345601d36d702a8	Oropouche virus isolate SP/IAL/LEIAL2938R/2024 segment S nucleoprotein (N) and nonstructural protein (NSs) genes, complete cds
PQ185970.1	S	743	2024	outbreak	22-Apr-2024	Brazil: Sao Paulo, Cajati	Homo sapiens	6699ff375da36d3f191bd3fb954d8da4f6b0b9c9778f13384aa014465781650a	Oropouche virus isolate SP/IAL/LEIAL2937R/2024 segment S nucleoprotein (N) and nonstructural protein (NSs) genes, complete cds
PQ149814.1	S	748	2024	outbreak	10-May-2024	Brazil: Camamu, Bahia	Homo sapiens	e903061b7a4e027f9bab057062f7a77e577f0cdf68a655a999f37ed7861723c2	Oropouche virus isolate LBA20240628_METAOROV_barcode21 segment S nucleoprotein (N) and non-structural protein (NSs) genes, complete cds
PQ149811.1	S	746	2024	outbreak	27-Mar-2024	Brazil: Valenca, Bahia	Homo sapiens	0fbd07206900faa7ea04db2e51d2ff8305f10100f8f94b9e89e3cf39ee29b077	Oropouche virus isolate LBA20240628_METAOROV_barcode20 segment S nucleoprotein (N) and non-structural protein (NSs) genes, complete cds
PQ073186.1	S	902	2024	outbreak	20-May-2024	Brazil: Pernambuco, Moreno	Homo sapiens	ad67825943a7c2703b44361e7555abb231c7b3bf7242d957a46583200c09f8a6	Oropouche virus isolate hOROV/Brazil/PE-IAM4578/2024 nucleoprotein gene, complete cds
PQ073183.1	S	922	2024	outbreak	23-May-2024	Brazil: Pernambuco, Recife	Homo sapiens	fbdafb6d7e32e02503dc409a064f72393f6893150d31d075ef6dc1d3e2ab77f3	Oropouche virus isolate hOROV/Brazil/PE-IAM4637/2024 nucleoprotein gene, complete cds
PP357050.1	S	946	1991	historical	1991	Brazil	Homo sapiens	8af0e26d118699365c798796d95ff43788e163fb854021227c3aeab3777c67a4	Oropouche virus strain BeH505764 segment S, complete sequence
PP154170.1	S	944	2015	historical	2015-04-13	Brazil: Amazonas_Tefe	Homo sapiens	71ce549b03656b26e837b69eb706aa1805fee68e6f85ddc3f65e9ed826bb1e98	Oropouche virus isolate ILMD_TF29 segment S, complete sequence
OP407854.1	S	947	2009	historical	22-Jun-2009	Brazil	Homo sapiens	c2eb5d02a2ce3e0c56de10773854d6c898fffe3689980e9c1c2568d014fed357	Oropouche virus structural nucleocapsid protein and nonstructural protein genes, complete cds
MT879230.1	S	944	2018	historical	30-Mar-2018	Brazil	Homo sapiens	fe4a46bc87006fe6493c71654eb1c9c2e950b4f523d066d849a9162b44a2adcb	Oropouche virus strain Bel90435/H853382 segment S nucleoprotein and nonstructural protein genes, complete cds
KP795104.1	S	960	1999	historical	Oct-1999	Panama	Homo sapiens	bc1dea4904e94957c5526a5fec32297e59ec3b3babb857f2cc86e55004627ed4	Oropouche virus strain TVP-19264/PAN-481126 structural nucleocapsid protein and non-structural protein genes, complete cds
KP795101.1	S	780	2000	historical	May-2000	Peru	Homo sapiens	25bb6d4857c5365ceecf91e6b1b12419ad3096abaea7bca5ab04a3d2f0c0dfcb	Oropouche virus strain TVP-19262/OBS-9478 structural nucleocapsid protein and non-structural protein genes, complete cds
KP795098.1	S	928	1994	historical	Feb-1994	Peru	Homo sapiens	7bee6db5f2cc039b1597d458399510db83f3602d467f310626be47f09b0b694b	Oropouche virus strain TVP-19260/MD-203 structural nucleocapsid protein and non-structural protein genes, complete cds
KP795095.1	S	865	1998	historical	Apr-1998	Peru	Homo sapiens	4b4b954705b3b2348b9a730f05083a2eeafbee1a060ac9b5ba21bbfc163b798c	Oropouche virus strain TVP-19259/IQT-7085 structural nucleocapsid protein and non-structural protein genes, complete cds
KP795092.1	S	945	1997	historical	Aug-1997	Peru	Homo sapiens	8ab418d2fad8af8e80e892bfa38290623193b26272ca6e3a6c7a3e13c3632f66	Oropouche virus strain TVP-19258/IQT-4083 structural nucleocapsid protein and non-structural protein genes, complete cds
KP795089.1	S	934	1995	historical	Jun-1995	Peru	Homo sapiens	a83413d7f055a6d4b78af964779c539d952b9cf5124ccdac2fd581638f00031b	Oropouche virus strain TVP-19257/IQT-1690 structural nucleocapsid protein and non-structural protein genes, complete cds
KP795086.1	S	933	2008	historical	Mar-2008	Peru	Homo sapiens	a10dd3816104a61945224463d9755e2764916b1e432f74ba035d537672d9148a	Oropouche virus strain TVP-19256/IQE-7894 structural nucleocapsid protein and non-structural protein genes, complete cds
KP795083.1	S	902	1989	historical	1989	Panama	Homo sapiens	e64f62ffaa86852ee07516a580fe5deb73b99b6c178efdaee7193d4f19a93599	Oropouche virus strain TVP-19254/GML-480914 structural nucleocapsid protein and non-structural protein genes, complete cds
KP795080.1	S	780	1989	historical	Aug-1989	Panama	Homo sapiens	bc91279a84f003046a03b6069308a5c06ee761ca0c808d264e7ff31d485ae1ef	Oropouche virus strain TVP-19250/GML-444839 structural nucleocapsid protein and non-structural protein genes, complete cds
KP795077.1	S	754	1989	historical	1989	Panama	Homo sapiens	1e5a627857851538eae7eda4f05f24a3264462ce711fecb3d5ad793652da542e	Oropouche virus strain TVP-19249/GML-444672 structural nucleocapsid protein and non-structural protein genes, complete cds
KP795074.1	S	862	1992	historical	Apr-1992	Peru	Homo sapiens	71feb9983fc789451eb9ec73b068d47cf2f800f8d6878c66b6fb1d130c6a8281	Oropouche virus strain TVP-19244/DEI-216 structural nucleocapsid protein and non-structural protein genes, complete cds
MN264269.1	S	958	2014	historical	26-May-2014	Haiti	Homo sapiens	83840eb06632378656f90e9a202d5a6110f5970a2bc6cb934ce4ed5ce2523aca	Oropouche virus strain OV/Homo sapiens/Haiti-1/2014 segment small, complete sequence
MK506822.1	S	952	2016	historical	Apr-2016	Ecuador	Homo sapiens	61eed27544dd8991a12a1900371dacad29d8085da17be843c7119cd874ced413	Oropouche virus strain OROV/EC/Esmeraldas/210/2016 segment S, complete sequence
MK506821.1	S	952	2016	historical	Apr-2016	Ecuador	Homo sapiens	c8387b5c7b9d3959bcd1031e3f14de51259a585f2519a86d490cb23b7215c71c	Oropouche virus strain OROV/EC/Esmeraldas/206/2016 segment S, complete sequence
MK506820.1	S	952	2016	historical	Apr-2016	Ecuador	Homo sapiens	507b4552d355704fec1edbeb42a5eabe4dcb284e2897f58d1cf0f307cf1447a0	Oropouche virus strain OROV/EC/Esmeraldas/171/2016 segment S, complete sequence
MK506819.1	S	952	2016	historical	Apr-2016	Ecuador	Homo sapiens	a1c91545c81033f236825764bf958593624f79d70a9fcee75d03225cef765bf9	Oropouche virus strain OROV/EC/Esmeraldas/155/2016 segment S, complete sequence
MK506818.1	S	952	2016	historical	Apr-2016	Ecuador	Homo sapiens	8cdec881b9589d0cf46b1d732b3c903e7e0c087c3bfd00d5316a52c87dfbd283	Oropouche virus strain OROV/EC/Esmeraldas/057/2016 segment S, complete sequence
MG591459.1	S	653	2017	historical	2017	Brazil	Homo sapiens	e9ebade3bd3a8294abcfa155eea2cc2c6a7e94251d36400d8ccca40cec9b97c5	Oropouche virus strain BrSa16007 segment S nucleoprotein (N) gene, partial cds; and non-structural protein (NSs) gene, complete cds
MG747605.1	S	947	1991	historical	1991	Brazil	Homo sapiens	33c90e9421e93389d2e6b8be4db981526784713c518c0e30d94e4a8d48191d26	Oropouche virus isolate BeH 505768 segment S, complete sequence
MG747602.1	S	949	1990	historical	1990	Brazil	Homo sapiens	abc112a516d7cd6bc46aee36dc0bc5ea6b44c87b516cf998e8fa61ebc36537aa	Oropouche virus isolate BeH 498913 segment S, complete sequence
MG747599.1	S	948	2006	historical	2006	Brazil	Homo sapiens	813931695bafe3a4fb960523839194d03701e4c435a735cb94cf0411d7e1e487	Oropouche virus isolate BeH 708717 segment S, complete sequence
MG747596.1	S	948	2006	historical	2006	Brazil	Homo sapiens	d1a94fac15366ad018260ec716fe3d0fe2eb24dd9b57ba920d050ff1c484bbfe	Oropouche virus isolate BeH 707287 segment S, complete sequence
MG747593.1	S	948	2006	historical	2006	Brazil	Homo sapiens	1d3fe407221673e9689ab40e54cc99f8a6ecaa0a61c4bf07e2d0051fdab0ddc2	Oropouche virus isolate BeH 708139 segment S, complete sequence
MG747590.1	S	948	2004	historical	2004	Brazil	Homo sapiens	dd4b1b13105f2851b6eb3716b5180c7ade1d41af0f59f5d589de37ca74581c43	Oropouche virus isolate PMOH 682431 segment S, complete sequence
MG747587.1	S	947	2004	historical	2004	Brazil	Homo sapiens	0f1f09a2f0f7192a8e19d866776827f14c8f32217cc26ff5293f212640842989	Oropouche virus isolate PMOH 682426 segment S, complete sequence
MG747584.1	S	958	2003	historical	2003	Brazil	Homo sapiens	15ed7daed5d800e62b199c6021aad9c99c9e415399846cbeaec994509082ed97	Oropouche virus isolate PPS 523 H 669315 segment S, complete sequence
MG747581.1	S	958	2003	historical	2003	Brazil	Homo sapiens	c916cec222b7948ba5d189a572a4eb425049e4e1e4ae4b49907a3acc44e3d7e3	Oropouche virus isolate PPS 522 H 669314 segment S, complete sequence
MG747578.1	S	947	1996	historical	1996	Brazil	Homo sapiens	7e534d1edb746056c1f437f1cdc1e5f8ec60cba3af068bcaf6a78a29c16633be	Oropouche virus isolate BeH 543857 segment S, complete sequence
MG747575.1	S	947	1996	historical	1996	Brazil	Homo sapiens	4429b84439802cba67605c7daf7f7c7492ee36d9368b3e2e2ef7a643954d5bd2	Oropouche virus isolate BeH 543760 segment S, complete sequence
MG747572.1	S	947	1996	historical	1996	Brazil	Homo sapiens	45e8a4def5854b06be462335ba74cacbc070b9b2b29b16bddac74143e903a856	Oropouche virus isolate BeH 543629 segment S, complete sequence
MG747569.1	S	947	1994	historical	1994	Brazil	Homo sapiens	2dcff3bbf1e5b92e4e9a8ac00db5d03b0d8a39d49eb84245729d3f9d10ad383d	Oropouche virus isolate BeH 541140 segment S, complete sequence
MG747566.1	S	947	1994	historical	1994	Brazil	Homo sapiens	8b8c9b23ce4414b005ff31ce62dcf92084a45f544a6287d193c14fdfb556a9af	Oropouche virus isolate BeH 532500 segment S, complete sequence
MG747563.1	S	947	1994	historical	1994	Brazil	Homo sapiens	b2178ba4aa4cf67766ee884554084edc04942f93d03de3d113f47137be5391fc	Oropouche virus isolate BeH 532490 segment S, complete sequence
MG747560.1	S	947	1994	historical	1994	Brazil	Homo sapiens	9eb3ae50c2614fc9a27947299df64fd514b08747ecb9dcf148bc898defa3a93c	Oropouche virus isolate BeH 532422 segment S, complete sequence
MG747557.1	S	947	1994	historical	1994	Brazil	Homo sapiens	08ef379d4f2a7ab4d1a198e94d24d6832e543d39e5f1e92c9cde2c2dca75a425	Oropouche virus isolate BeH 532314 segment S, complete sequence
MG747554.1	S	947	1980	historical	1980	Brazil	Homo sapiens	e1f0c5ac18f45e58116412aa5e9efb155416b4fd548c3f159cdbbaf1638d0ecf	Oropouche virus isolate BeH 385591 segment S, complete sequence
MG747551.1	S	947	1979	historical	1979	Brazil	Culicoides paraensis	a3fb654baa1ef0f4d82a623d6e425008b5e4f492ed788363d31d25d9460cb531	Oropouche virus isolate BeAr 366927 segment S, complete sequence
MG747548.1	S	947	1978	historical	1978	Brazil	Homo sapiens	433a1b2f94e18babd0ea4d6f4dd0a8cd712c457f8f43aae2d23580e16890612e	Oropouche virus isolate BeH 355173 segment S, complete sequence
MG747545.1	S	958	1971	historical	1971	Brazil	Bradypus tridactylus	a1583c0a01acd0fe216b5d3ff1ce3d1780d35a82be6b65687f3faf21d4cd60d6	Oropouche virus isolate BeAn 208819 segment S, complete sequence
MG747542.1	S	958	1971	historical	1971	Brazil	Bradypus tridactylus	0c14f38475bd9179af2d6429c103e42f7f584931029eecab7b8bdf6d36a964f9	Oropouche virus isolate BeAn 208402 segment S, complete sequence
MG747539.1	S	958	1971	historical	1971	Brazil	Bradypus tridactylus	02550fe4a7491e220cc2c369cc7fdafe60d49b3a34b9fb94b3adff3b7806e55c	Oropouche virus isolate BeAn 206119 segment S, complete sequence
MG747536.1	S	958	1968	historical	1968	Brazil	Culex quinquefasciatus	a2842258b880ef383562113df9a5a8876b7bec787801fcf4d0a48881f128d769	Oropouche virus isolate BeAr 136921 segment S, complete sequence
MG747533.1	S	958	1967	historical	1967	Brazil	Homo sapiens	fa7da173b15fcb07272c20a517f27281c985a6c3bb9dc976c190a78f303177b9	Oropouche virus isolate BeH 121923 segment S, complete sequence
MG747530.1	S	958	1961	historical	1961	Brazil	Homo sapiens	66bbf26cc5a3f06f1e0a82e6c4c07b69fdf90a1d1a2967cfd9f94655b26a115b	Oropouche virus isolate BeH 29090 segment S, complete sequence
MG747527.1	S	958	1961	historical	1961	Brazil	Homo sapiens	5bc9e01129c910fa18d20a06e0a51ec3168ab72de3e7792d14ad8635c51e1411	Oropouche virus isolate BeH 29086 segment S, complete sequence
MG747524.1	S	958	1960	historical	1960	Brazil	Ochlerotatus serratus	59ac601ae6e5d70e2f457f687318e28915fc993808e9065e22dbf8b343cfbedf	Oropouche virus isolate BeAr 19886 segment S, complete sequence
MG747521.1	S	949	2000	historical	2000	Brazil	Callithrix sp.	3d898e010de164fc0271d10b29f5e31005b5c0c374d2fe53e655c56ed5d0306a	Oropouche virus isolate BeAn 626990 segment S, complete sequence
MG747518.1	S	947	1993	historical	1993	Brazil	Homo sapiens	380d3e4716f468cdccff1140eaaa65169a80ab6a47f5b804ac1a6d89886e13ac	Oropouche virus isolate BeH 421086 segment S, complete sequence
MG747515.1	S	947	1988	historical	1988	Brazil	Homo sapiens	95c91ccdfb41624123be01f7fcdbe7abb7a9423cc978c93e0a1750e811282ac2	Oropouche virus isolate BeH 472435 segment S, complete sequence
MG747512.1	S	949	1988	historical	1988	Brazil	Homo sapiens	16f805a0a9f886bcbc712b3e91b84ce8d5b1d736e3a84a17e9a0f1d436705ac3	Oropouche virus isolate BeH 472433 segment S, complete sequence
MG747509.1	S	943	1980	historical	1980	Brazil	Homo sapiens	b892217ae00a00a21c002fe64858c901ad80b14cb5b5e25b5394c2389857bf87	Oropouche virus isolate BeH 390242 segment S, complete sequence
MG747506.1	S	943	1980	historical	1980	Brazil	Homo sapiens	3e2f07a6b673b14b8d27aef589f3e447db9327f8eee066c6e23ac7fde92853a3	Oropouche virus isolate BeH 389865 segment S, complete sequence
MG747503.1	S	949	1996	historical	1996	Brazil	Homo sapiens	3a1d6c502636be437b8e7b2e71227c1d0ce7a7b6bd642e0caa4e23ecae0381f8	Oropouche virus isolate BeH 543100 segment S, complete sequence
NC_005777.1	S	754		buffer/unknown				cdaae3cdc895a7c0be4bb3b79f42728811eab4e0e0fdd2f93bf329a7e7db711c	Oropouche virus segment S, complete genome
MF926352.1	S	952	2016	historical	01-Apr-2016	Ecuador	Homo sapiens	38719e3a1b4975044b23f8c23192497d148d30daacbbcbe65ed50c88abee9356	Oropouche virus strain OROV/EC/Esmeraldas/087/2016 segment S, complete sequence
MF620127.1	S	958	1961	historical	13-Jan-1961			042e5f6c842f89ab3f59349ae80a8250e1653fc4c7271e346c4fdc5ad0c450c7	Oropouche virus culture NCPV:1409261v segment S, complete sequence
AF164531.1	S	693		buffer/unknown				d0e2e48350521af37662452e7cc17e087804b42a91c46f7c6cef6d7e9be02d0b	Oropouche virus strain TRVL9760 small segment nucleoprotein gene, partial cds; and non-structural protein (NSs) gene, complete cds
KP691605.1	S	946	2009	historical	24-Jul-2009	Brazil	Homo sapiens	fb2164846376da989aac0dfdb72a9c7c41403678571d61ed0d1f9a4dab671f0d	Oropouche virus isolate BeH759024 segment S, complete sequence
KP691608.1	S	946	2009	historical	23-Jul-2009	Brazil	Homo sapiens	13a68942a824ee8a1f768e2ebf716e59e2160e92656367281c73e351cf1f3f6b	Oropouche virus isolate BeH759021 segment S, complete sequence
KP691611.1	S	947	2009	historical	24-Jul-2009	Brazil	Homo sapiens	8b4647810212910f43277057eb4f2b04d27ce838d02ce4211bf23bb5893c1071	Oropouche virus isolate BeH759022 segment S, complete sequence
KP691614.1	S	947	2009	historical	24-Jul-2009	Brazil	Homo sapiens	9d71156661a606be1e4e979690ccf83d78dee067421401daca8de1c8b1d0098a	Oropouche virus isolate BeH759025 segment S, complete sequence
KP691617.1	S	947	2009	historical	23-Jul-2009	Brazil	Homo sapiens	05e0c6270c334207d522c9aaadbde60b3dcb5dd6457fbe9b37148d4c585177f4	Oropouche virus isolate BeH759040 segment S, complete sequence
KP691620.1	S	946	2009	historical	17-Jun-2009	Brazil	Homo sapiens	16756c87641ea07e9402e1fcb4ebbba0be9200f54eb3844422ead3b5a3e9dde9	Oropouche virus isolate BeH759529 segment S, complete sequence
KP691623.1	S	946	2009	historical	23-Jun-2009	Brazil	Homo sapiens	5c25eeb5a51da1d02ca7d2c845ba01052b2be0775585f884158e260a16dd1b1e	Oropouche virus isolate BeH759620 segment S, complete sequence
KP691632.1	S	946	2009	historical	20-Aug-2009	Brazil	Homo sapiens	58951fc4c099ce702175490b7c782c8db83bfd10045b28dcbdbbbc825b53b99e	Oropouche virus isolate BeH759146 segment S, complete sequence
KP026181.1	S	958	1955	historical	1955	Trinidad and Tobago: Trinidad, Sangre Grande		7eaa33cce5ea634a6a8d6b32e28ff3ee93d2b3fdbf9a11dc837b423d7133fb11	Oropouche virus strain TRVL9760 segment S, complete sequence
KP052852.1	S	958	1960	historical	1960	Brazil	Bradypus tridactylus	24956adb9a019b9e65837c74fa75be3f30a0f07f9e5e7329c0a4c2d536f9b576	Oropouche virus strain BeAn19991 segment S, complete sequence
KC759130.1	S	749		buffer/unknown		Panama	Homo sapiens	0740223eb88e8e24be76b155b53ff34bb61272655a2ea602b5284b8213ddb673	Oropouche virus strain GML-444479 segment S nucleocapsid protein (N) and nonstructural protein (NS) genes, complete cds
KC759127.1	S	749		buffer/unknown		Peru	Homo sapiens	7c37413ae5002c8af750b4eca8290cec974a11978dec762dcab3dea002ed6f7e	Oropouche virus strain IQT-1690 segment S nucleocapsid protein (N) and nonstructural protein (NS) genes, complete cds
KC759124.1	S	749		buffer/unknown		Trinidad and Tobago: Trinidad	Homo sapiens	19e60f9ee679e76984f026c2258deea25c34171695086a8dba7500d66e19d938	Oropouche virus strain TRVL-9760 segment S nucleocapsid protein (N) and nonstructural protein (NS) genes, complete cds
AF164558.1	S	693		buffer/unknown				60a6de2cb5a4e0d8dcf13a434f87975f76de6aebb8431e49dd02d5ce7e7a1040	Oropouche virus strain GML450093 small segment nucleoprotein gene, partial cds; and non-structural protein (NSs) gene, complete cds
AF164557.1	S	693		buffer/unknown				5bca52fb4e243b589f2e9298d06b6509676fa13a8216b919c7fc0deaac05d4ae	Oropouche virus strain GML445252 small segment nucleoprotein gene, partial cds; and non-structural protein (NSs) gene, complete cds
AF164556.1	S	693		buffer/unknown				d994fb74856f79dcf8f0ab1e35e248943a7763319b546d8f79f2d068921c72bc	Oropouche virus strain GML444911 small segment nucleoprotein gene, partial cds; and non-structural protein (NSs) gene, complete cds
AF164555.1	S	693		buffer/unknown				1ff4c3f8df0148dd9f4442a83b3ccfa6508f18710f3fd9ee23d49c25907f43b9	Oropouche virus strain GML444477 small segment nucleoprotein gene, partial cds; and non-structural protein (NSs) gene, complete cds
AF164554.1	S	693		buffer/unknown				36de0154a1cdcc02db8f5453f5baa232a7aad754ce4ca794c3c8d103b0748c3b	Oropouche virus strain IQT7085 small segment nucleoprotein gene, partial cds; and non-structural protein (NSs) gene, complete cds
AF164553.1	S	693		buffer/unknown				3ca1cc4901ecb3099281d3f89f886855c9a9935b9cf4b976b4687c0098f56660	Oropouche virus strain 01-812-98 small segment nucleoprotein gene, partial cds; and non-structural protein (NSs) gene, complete cds
AF164552.1	S	693		buffer/unknown				4f9cdf38f3a1fa1f3b281882ec8827463179f199e0f97c25c57c109915d8e501	Oropouche virus strain IQT4083 small segment nucleoprotein gene, partial cds; and non-structural protein (NSs) gene, complete cds
AF164551.1	S	693		buffer/unknown				20daa541de217504a0107c808eb65f96872821feadcd74fcfa1dfc5e9f961576	Oropouche virus strain DEI209 small segment nucleoprotein gene, partial cds; and non-structural protein (NSs) gene, complete cds
AF164550.1	S	693		buffer/unknown				e86a72117479f4885a00f49f4480609b7fd040048e97b6101e57f1c7e72c5623	Oropouche virus strain MD023 small segment nucleoprotein gene, partial cds; and non-structural protein (NSs) gene, complete cds
AF164549.1	S	693		buffer/unknown				49faec5ee212dc602bd6c4f08831eb4216fc42629955b22248800cdc4081433c	Oropouche virus strain IQT1690 small segment nucleoprotein gene, partial cds; and non-structural protein (NSs) gene, complete cds
AF164548.1	S	693		buffer/unknown				255c9818db8fe640949ef9fecb12e833ad5c7cf449c4be1991b556e3ded241b9	Oropouche virus strain BeH543618 small segment nucleoprotein gene, partial cds; and non-structural protein (NSs) gene, complete cds
AF164547.1	S	693		buffer/unknown				45975e7bd75e07b7459f1617b86e00778560b06c71401eeba72c0c8654430a27	Oropouche virus strain BeH543087 small segment nucleoprotein gene, partial cds; and non-structural protein (NSs) gene, complete cds
AF164546.1	S	693		buffer/unknown				961eccabd482fca23d1691edf4d4000a9047f836a645bdcf8ead649c0ec59b1b	Oropouche virus strain BeH544552 small segment nucleoprotein gene, partial cds; and non-structural protein (NSs) gene, complete cds
AF164545.1	S	693		buffer/unknown				f81a5dde82378e48dbb8ba62988b9ef43fe33591f968401f3e8558700754bd44	Oropouche virus strain BeH543033 small segment nucleoprotein gene, partial cds; and non-structural protein (NSs) gene, complete cds
AF164544.1	S	693		buffer/unknown				b0e26eca58db5f4732ee5eabb7b45d1d6e4e007d65913a72b8919bb895a70c2e	Oropouche virus strain BeH541863 small segment nucleoprotein gene, partial cds; and non-structural protein (NSs) gene, complete cds
AF164543.1	S	693		buffer/unknown				fe8b86090ea7b5dfbf17c378f086620be268c1fea1f293ecaca38c43a40971e2	Oropouche virus strain BeH505663 small segment nucleoprotein gene, partial cds; and non-structural protein (NSs) gene, complete cds
AF164542.1	S	693		buffer/unknown				4adb2624989e9d6efe831915997d53ed9d447b84b7c37c1dfedfab308462d9e8	Oropouche virus strain BeH505442 small segment nucleoprotein gene, partial cds; and non-structural protein (NSs) gene, complete cds
AF164541.1	S	693		buffer/unknown				a8a3a758733a4a3bcb70f56defe967e51ffa58b661af080c75a9050602ce3e21	Oropouche virus strain BeH504514 small segment nucleoprotein gene, partial cds; and non-structural protein (NSs) gene, complete cds
AF164540.1	S	693		buffer/unknown				fafb2bc9a28bcb064d50acbf0a556634c94164152ed8b24f06eccf5dc991ad7a	Oropouche virus strain BeH475248 small segment nucleoprotein gene, partial cds; and non-structural protein (NSs) gene, complete cds
AF164539.1	S	693		buffer/unknown				aaf32acc5bacf6d5939e899c7ba13378bde7a9cdb539dbd791dce043cd4b352b	Oropouche virus strain BeAr473358 small segment nucleoprotein gene, partial cds; and non-structural protein (NSs) gene, complete cds
AF164538.1	S	693		buffer/unknown				a73205a021750efa6ce4eee20ba39f1af45e26700b56ac651c22e30043b150fc	Oropouche virus strain BeH472204 small segment nucleoprotein gene, partial cds; and non-structural protein (NSs) gene, complete cds
AF164537.1	S	693		buffer/unknown				fb13347332e226dee0bf09b5713e6fa19c4b1d3cb7e4319f77f5154ca3d61b3d	Oropouche virus strain BeH472200 small segment nucleoprotein gene, partial cds; and non-structural protein (NSs) gene, complete cds
AF164536.1	S	693		buffer/unknown				210d26becfbf35507479ede58a0ff033edcaad002e1799c7e6bbc736bdf10da1	Oropouche virus strain BeH390233 small segment nucleoprotein gene, partial cds; and non-structural protein (NSs) gene, complete cds
AF164535.1	S	693		buffer/unknown				33a2d9407421e10a268578a65781a931a54e6225b14191164bf34e16a5384f4e	Oropouche virus strain BeH381114 small segment nucleoprotein gene, partial cds; and non-structural protein (NSs) gene, complete cds
AF164534.1	S	693		buffer/unknown				a9ff158958c92471171e3dc4b76fd5d575398b7c627b721afa1221353840e318	Oropouche virus strain BeH379693 small segment nucleoprotein gene, partial cds; and non-structural protein (NSs) gene, complete cds
AF164533.1	S	693		buffer/unknown				e33b6c8ae94e059bb1f5efe94e573140fbbe5cd69109fa8f4906c49943bc763c	Oropouche virus strain BeH271815 small segment nucleoprotein gene, partial cds; and non-structural protein (NSs) gene, complete cds
AF164532.1	S	693		buffer/unknown				2a04017b1b329cc0c6d21741c70937d92bca07c1af35a723fc003fe26d324821	Oropouche virus strain BeAn19991 small segment nucleoprotein gene, partial cds; and non-structural protein (NSs) gene, complete cds
HM470138.1	S	754	2006	historical	2006	Brazil	Homo sapiens	a455954bb6a2639918b4f54ebc8479ffaa9abb28c36ceb063ee49bdd5729562b	Oropouche virus strain BeH708717 nucleocapsid protein gene, complete cds
HM470136.1	S	754	2006	historical	2006	Brazil	Homo sapiens	f532c56b71288ba52637ca8ecdcf52d6a3be9c074a7e887d7d6691fe6032b724	Oropouche virus strain BeH707157 nucleocapsid protein gene, complete cds
HM470134.1	S	754	2006	historical	2006	Brazil	Homo sapiens	0b5a0d533f3c7258fd17d04468ea424bdcceea81d42bc4e8a1b2693fff34bb29	Oropouche virus strain BeH706893 nucleocapsid protein gene, complete cds
HM470133.1	S	754	2006	historical	2006	Brazil	Homo sapiens	494b8177e577585d04a6018676d40d4f3ff07868caa50d829ed85ec3e45ffe89	Oropouche virus strain BeH706890 nucleocapsid protein gene, complete cds
HM470132.1	S	721	1996	historical	1996	Brazil	Homo sapiens	ba4a68749242128343f30d36d90a9fd3d0e327ae43c9555a94c60c5f6655426f	Oropouche virus strain BeH543880 nucleocapsid protein gene, complete cds
HM470131.1	S	721	1996	historical	1996	Brazil	Homo sapiens	d2aab04e0c0340083e2998302ff68929a4e7cce9f5df476c9b0682ea007013dd	Oropouche virus strain BeH543857 nucleocapsid protein gene, complete cds
HM470130.1	S	721	1996	historical	1996	Brazil	Homo sapiens	0f0f2f9cf9ffcd64222362b63b0b57ab5bf8aec02185051fececb8d7835752bc	Oropouche virus strain BeH543760 nucleocapsid protein gene, complete cds
HM470129.1	S	721	1996	historical	1996	Brazil	Homo sapiens	a301e0df10a2ce3289059bac6ccd5195141d6c950014043040195f83009b0aa7	Oropouche virus strain BeH543639 nucleocapsid protein gene, complete cds
HM470128.1	S	721	1996	historical	1996	Brazil	Homo sapiens	2b8edae6bf2387a15a50d34afaf2d6ea25e683a0ca162df2761b30d6ea734c12	Oropouche virus strain BeH543638 nucleocapsid protein gene, complete cds
HM470127.1	S	721	1996	historical	1996	Brazil	Homo sapiens	4b9b0665a1123554382357607c486f029f9315f7c0812ee4a086af933163829c	Oropouche virus strain BeH543629 nucleocapsid protein gene, complete cds
HM470115.1	S	721	1978	historical	1978	Brazil	Homo sapiens	d6f6942f77959006a858416b85110eb9cb1f7b93df54fa0866dce7a4d7995f8b	Oropouche virus strain BeH355186 nucleocapsid protein gene, complete cds
HM470111.1	S	721	1968	historical	1968	Brazil	Culex quinquefasciatus	a1f2bf59216da0ecc88f52cd50ccd4019037c4c625fc761dedaa8563cb9a50fe	Oropouche virus strain BeAr136921 nucleocapsid protein gene, complete cds
HM470110.1	S	696	1967	historical	1967	Brazil	Homo sapiens	7fe6b1bf1062a069270aa19c82ec999be77aafa8d820c7186fd95113e1eb4aa9	Oropouche virus strain BeH121923 nucleocapsid protein gene, complete cds
HM470109.1	S	696	1961	historical	1961	Brazil	Homo sapiens	0275ce5cf0e065dcd6aca159198e645afac20220a7654f1726b5ad902315eb79	Oropouche virus strain BeH29090 nucleocapsid protein gene, complete cds
HM470108.1	S	696	1961	historical	1961	Brazil	Homo sapiens	0e760a47f617147c58a47c0cddb373e319c339029c14ac69db797cf0c47eb308	Oropouche virus strain BeH29086 nucleocapsid protein gene, complete cds
HM470107.1	S	696	1960	historical	1960	Brazil	Ochlerotatus serratus	a4553f64a1d56d955dbf4fc3dfdf91c7ed3bd3e09140fd1a598c71d3f3ccc599	Oropouche virus strain BeAr19886 nucleocapsid protein gene, complete cds
HQ830492.1	S	696	2009	historical	2009	Brazil	Homo sapiens	a583a1fb8205d823d728aac136d0998b568f1184f0a5b2e27914e7fd1f6d5f32	Oropouche virus isolate H759483 nucleoprotein (N) and non-structural protein (NSs) genes, complete cds
HQ830491.1	S	696	2009	historical	2009		Homo sapiens	00b98bf815c48ee85f5f1a7ed4691ccd0818a53ddaf0ec647b689a1cf0cfef64	Oropouche virus isolate H759044 nucleoprotein (N) and non-structural protein (NSs) genes, complete cds
HQ830490.1	S	696	2009	historical	2009		Homo sapiens	8007a35f983b77c14816c281bdcc48b116542b39bc3539f0766a824f1d041a93	Oropouche virus isolate H759043 nucleoprotein (N) and non-structural protein (NSs) genes, complete cds
HQ830489.1	S	696	2009	historical	2009		Homo sapiens	d5a6a930fffdb52c61851c14ac66b9c0b5d891f6a7d4a0126e7d4af9468cf5ad	Oropouche virus isolate H759042 nucleoprotein (N) and non-structural protein (NSs) genes, complete cds
HQ830488.1	S	696	2009	historical	2009		Homo sapiens	bedfc2ad300da73788e8b5017054dedb34d030dbee640cca6b0fa53ad61328e0	Oropouche virus isolate H759041 nucleoprotein (N) and non-structural protein (NSs) genes, complete cds
HQ830487.1	S	696	2009	historical	2009		Homo sapiens	2a794445f2828e0cf83b3c4ac63f2ecba48805f12bdd73d0337178bf468ceb10	Oropouche virus isolate H759023 nucleoprotein (N) and non-structural protein (NSs) genes, complete cds
HQ830486.1	S	696	2009	historical	2009		Homo sapiens	4c662aa997e9bcdc2c68de950d32cac2d2940ca004593e9a125787db41475a6b	Oropouche virus isolate H759018 nucleoprotein (N) and non-structural protein (NSs) genes, complete cds
HQ830485.1	S	696	2009	historical	2009		Homo sapiens	758b2dd742bcd470481834c4e5d97090dc677f4d7c34006e9de2ae578317db89	Oropouche virus isolate H759562 nucleoprotein (N) and non-structural protein (NSs) genes, complete cds
HQ830484.1	S	696	2009	historical	2009		Homo sapiens	d329dc94d6c94d23125f9c059122655bff3473e36a0953b926dbc16c8d35e8fa	Oropouche virus isolate H759038 nucleoprotein (N) and non-structural protein (NSs) genes, complete cds
HQ830483.1	S	696	2009	historical	2009		Homo sapiens	5cc8b9b67bd44262f1259130c5a0f1c32de87aacc5852f0e98ee832352c2643a	Oropouche virus isolate H75955 nucleoprotein (N) and non-structural protein (NSs) genes, complete cds
HQ830482.1	S	696	2009	historical	2009		Homo sapiens	36be74ebe18311815b7ca4d36701dc074312ecfc180300a5c4ef1a3d8b57dd53	Oropouche virus isolate H759531 nucleoprotein (N) and non-structural protein (NSs) genes, complete cds
HQ830481.1	S	696	2009	historical	2009		Homo sapiens	11c97adb77fb3e98bb3b50bb66928fb1f5b02168fed1392dc9f02a8e9d32a361	Oropouche virus isolate H759541 nucleoprotein (N) and non-structural protein (NSs) genes, complete cds
HQ830480.1	S	696	2009	historical	2009		Homo sapiens	88a1f38876ec5752d35fb7b32ec9db9f0eaba386987b3d49c38b3eb125384e1e	Oropouche virus isolate H759525 nucleoprotein (N) and non-structural protein (NSs) genes, complete cds
HQ830479.1	S	696	2009	historical	2009		Homo sapiens	671fbb0e390cba963450695af7d6df1f28522b75c0e4377064354f9d54ae8d76	Oropouche virus isolate H758669 nucleoprotein (N) and non-structural protein (NSs) genes, complete cds
HQ830478.1	S	696	2009	historical	2009		Homo sapiens	488e733e34e13e6a77cc116b08af3342cb2a0e82f2238fd90abee026c2538b93	Oropouche virus isolate H758687 nucleoprotein (N) and non-structural protein (NSs) genes, complete cds
HQ830477.1	S	696	2006	historical	2006		Homo sapiens	5a254507d5fcc3f67fb8a2e1296cd106d79eef3211db140fbb7d4bffdb7bf055	Oropouche virus isolate H708717 nucleoprotein (N) and non-structural protein (NSs) genes, complete cds
HQ830476.1	S	696	2006	historical	2006		Homo sapiens	68a0745d5c82049bf3c3aaa3a16134c982686f7c645052baf9334f7ad6156a59	Oropouche virus isolate H707157 nucleoprotein (N) and non-structural protein (NSs) genes, complete cds
HQ830475.1	S	696	2006	historical	2006		Homo sapiens	1988d7ccae9c3b4b69ab9571ab440d90093187e571f97ccfb13718f8fc218f21	Oropouche virus isolate H708139 nucleoprotein (N) and non-structural protein (NSs) genes, complete cds
HQ830474.1	S	696	2006	historical	2006		Homo sapiens	7df71615ef7f011ca3b3f3363c1bd9c612378dbd8364093d34673d8e1fe35695	Oropouche virus isolate H706893 nucleoprotein (N) and non-structural protein (NSs) genes, complete cds
HQ830473.1	S	696	2006	historical	2006		Homo sapiens	da17730af2498903458ee6ad82c13c43395bd9bf70afd58e5a3355f812a79878	Oropouche virus isolate H706890 nucleoprotein (N) and non-structural protein (NSs) genes, complete cds
HQ830472.1	S	696	1996	historical	1996		Homo sapiens	a08b3a25e2b39f2d8b356c61a3423e678f172fe06c375d3736c7e34691d156ca	Oropouche virus isolate H543880 nucleoprotein (N) and non-structural protein (NSs) genes, complete cds
HQ830471.1	S	696	1996	historical	1996		Homo sapiens	79c6bf05c489d1c20203c912b1b1f13bfe1d03a64350b4ea4ca825ddae34bbc0	Oropouche virus isolate H543857 nucleoprotein (N) and non-structural protein (NSs) genes, complete cds
HQ830470.1	S	696	1996	historical	1996		Homo sapiens	58bdcee32ae681a4a28311667d6783a7510f2148b083beebbae1d9ff81137816	Oropouche virus isolate H543760 nucleoprotein (N) and non-structural protein (NSs) genes, complete cds
HQ830469.1	S	696	1996	historical	1996		Homo sapiens	4c6b3fc039bc9df9dd7e2de85a51085e8d5fd06ef1c45895727cc096f4492dba	Oropouche virus isolate H543639 nucleoprotein (N) and non-structural protein (NSs) genes, complete cds
HQ830468.1	S	696	1996	historical	1996		Homo sapiens	c7b54cf3859c1a2ca93204be9d901e741a03006137f1894fdeb9f952e51a88dc	Oropouche virus isolate H543638 nucleoprotein (N) and non-structural protein (NSs) genes, complete cds
HQ830467.1	S	696	1996	historical	1996		Homo sapiens	ec01156eb5b7d3a7cf941cc872527ec20a88c34f60274b25db3784a7c1a4a937	Oropouche virus isolate H543629 nucleoprotein (N) and non-structural protein (NSs) genes, complete cds
HQ830466.1	S	696	1996	historical	1996		Homo sapiens	64b0d158006f48c6cf78406228593df0f2bcc3c0844a98f394faeb57295ec233	Oropouche virus isolate H543100 nucleoprotein (N) and non-structural protein (NSs) genes, complete cds
HQ830465.1	S	696	1996	historical	1996		Homo sapiens	882d4da50ee39ea0db8ecb3e682f49b88ae9a49572ac70c34805684d3f8d2222	Oropouche virus isolate H543091 nucleoprotein (N) and non-structural protein (NSs) genes, complete cds
HQ830464.1	S	696	1994	historical	1994		Homo sapiens	93ddb956c0ef230ba64321f29e63fd559e0db14ffee38a40597714120c877cde	Oropouche virus isolate H532500 nucleoprotein (N) and non-structural protein (NSs) genes, complete cds
HQ830463.1	S	696	1994	historical	1994		Homo sapiens	6f74a68ff8a4963ecaaf594cccbb62781f38aa96e3eb078ff90bfeecdf6f9485	Oropouche virus isolate H532490 nucleoprotein (N) and non-structural protein (NSs) genes, complete cds
HQ830462.1	S	696	1994	historical	1994		Homo sapiens	02c30ef98ee80ac9c3a08214c2e6a2a5e9a593582e2e1897d609b8d17a4de33b	Oropouche virus isolate H532422 nucleoprotein (N) and non-structural protein (NSs) genes, complete cds
HQ830461.1	S	696	1994	historical	1994		Homo sapiens	52cf52f7485d835e3cf60e6a0109c70c0ac2bb5810bfea8dc0b3f48980f034a3	Oropouche virus isolate H532314 nucleoprotein (N) and non-structural protein (NSs) genes, complete cds
HQ830460.1	S	696	1991	historical	1991		Homo sapiens	a0d76902fed80884a2d325ac59b4ac18b5bcf2795775cde970f72505411b591b	Oropouche virus isolate H505805 nucleoprotein (N) and non-structural protein (NSs) genes, complete cds
HQ830459.1	S	696	1991	historical	1991		Homo sapiens	fb689609f091e309f477fa89e5b23fe6b8ad63a95ea23c8c36b3b2cb5fabc884	Oropouche virus isolate H505768 nucleoprotein (N) and non-structural protein (NSs) genes, complete cds
HQ830458.1	S	696	1991	historical	1991		Homo sapiens	8d1827ae76ecab09a35beae941448208aace9068f55bd83eeb8dbb8dec8a274c	Oropouche virus isolate H505764 nucleoprotein (N) and non-structural protein (NSs) genes, complete cds
HQ830457.1	S	696	1990	historical	1990		Homo sapiens	05c262db3123f3983a31be0af4def2276b77d1aaab227155a2d4d2de0f4afc7d	Oropouche virus isolate H498913 nucleoprotein (N) and non-structural protein (NSs) genes, complete cds
HQ830456.1	S	696	1988	historical	1988		Homo sapiens	14b833446398af2379b8b43782961a8df2e9c923af126b4a1d0c520020241bfc	Oropouche virus isolate H472435 nucleoprotein (N) and non-structural protein (NSs) genes, complete cds
HQ830455.1	S	696	1988	historical	1988		Homo sapiens	e92835d40c355ec98795110e39b12a5e2f313f7e2ef47ed029f557c11c2f3f13	Oropouche virus isolate H472433 nucleoprotein (N) and non-structural protein (NSs) genes, complete cds
HQ830454.1	S	696		buffer/unknown				dcc37ea285b422738abb5c5101b3791052cf6a28ce78ba5f7770af4ebfa05e39	Oropouche virus isolate H390242 nucleoprotein (N) and non-structural protein (NSs) genes, complete cds
HQ830453.1	S	696	1980	historical	1980		Homo sapiens	f4f59f9d5b7c6886c094322c05fca528a9e7aee73369691de3f701b6d053d4eb	Oropouche virus isolate H389865 nucleoprotein (N) and non-structural protein (NSs) genes, complete cds
HQ830452.1	S	696	1980	historical	1980		Homo sapiens	d3f0b5d74094d4aec497bc51a89e49fa3a166fc1d9fafb28a411e03505fa34f4	Oropouche virus isolate H385591 nucleoprotein (N) and non-structural protein (NSs) genes, complete cds
HQ830451.1	S	696	1980	historical	1980		Homo sapiens	1f73979980a21ad82277f746d1ac0fe30b161814bf5872270d7e4f6d4b8d23b2	Oropouche virus isolate H384193 nucleoprotein (N) and non-structural protein (NSs) genes, complete cds
HQ830450.1	S	696	1980	historical	1980		Homo sapiens	bc251031e081ed8a03d1e89dbf3f5bcb7a7937f57002f88a4d571cc6c8f3c2be	Oropouche virus isolate H384192 nucleoprotein (N) and non-structural protein (NSs) genes, complete cds
HQ830449.1	S	696	1979	historical	1979		Homo sapiens	e9bb0cb7ba122d65bc1f17693d8cdf1556ee88229d03b4e47a5139a96d66baf7	Oropouche virus isolate H366781 nucleoprotein (N) and non-structural protein (NSs) genes, complete cds
HQ830448.1	S	696	1979	historical	1979		Culicoides paraensis	e0b46229af0ea650a59f32938c662d743086958f610c2fe0e9d3683e7130bbd5	Oropouche virus isolate AR366927 nucleoprotein (N) and non-structural protein (NSs) genes, complete cds
HQ830447.1	S	696	1978	historical	1978		Homo sapiens	2eae4653c837ef1c857a88e6695718dbe092a14b76df9e8377f5e20e5a6a4e16	Oropouche virus isolate H356898 nucleoprotein (N) and non-structural protein (NSs) genes, complete cds
HQ830446.1	S	696	1978	historical	1978		Homo sapiens	d7ab72c07303df31a7e02fc089ef8b68fc5dfc896bc92e6bea6c827fd4d7dbb9	Oropouche virus isolate H355186 nucleoprotein (N) and non-structural protein (NSs) genes, complete cds
HQ830445.1	S	696	1975	historical	1975		Homo sapiens	a4355ea90737e19549fcd127de688f34eaee32f49c597b217e6270a07f490932	Oropouche virus isolate H271078 nucleoprotein (N) and non-structural protein (NSs) genes, complete cds
HQ830444.1	S	696	1973	historical	1973		Homo sapiens	59a6ab8609d8f2d9aaa388c26cac57fd9c6e133c9134dc6b3bbccefe07677578	Oropouche virus isolate H244576 nucleoprotein (N) and non-structural protein (NSs) genes, complete cds
HQ830443.1	S	696	1968	historical	1968		Culex quinquefasciatus	b77bf0e5f867e250e1d0ac38de2cb123ee468aba3a91c35eef17b99ff34fc2cc	Oropouche virus isolate AR136921 nucleoprotein (N) and non-structural protein (NSs) genes, complete cds
AY704568.1	S	721		buffer/unknown		Brazil: Belem-PA		c7c5cd75183734945fd827e7cbb2777e75df6027baa84939e32f28ba8ffbfec7	Oropouche virus strain BeH 543760 structural nucleocapsid protein (N) and non-structural protein (NSs) mRNAs, complete cds
AY704567.1	S	721		buffer/unknown		Brazil: Belem-PA		a0c43bf245a894ceb80b17872a758439224759db3ddce52995da4eb77ad010a5	Oropouche virus strain BeH 543790 structural nucleocapsid protein (N) and non-structural protein (NSs) mRNAs, complete cds
AY704566.1	S	721		buffer/unknown		Brazil: Belem-PA		3534dfce20d61d183226fcae3dec341e18fea688461b5ba4ec2f12e75fe53ec1	Oropouche virus strain BeH 543857 structural nucleocapsid protein (N) and non-structural protein (NSs) mRNAs, complete cds
AY704565.1	S	721		buffer/unknown		Brazil: Belem-PA		16f5a0a11034264039419ca9cace7e2a81af89040e191d7e14e332d8103ff414	Oropouche virus strain BeH 543880 structural nucleocapsid protein (N) and non-structural protein (NSs) mRNAs, complete cds
AY704564.1	S	721		buffer/unknown		Brazil: Belem-PA		644829d48eb35cadfcb8ea7d3cdcfa1cdebcc850c3667f40614c741c8387fead	Oropouche virus strain BeH 543638 structural nucleocapsid protein (N) and non-structural protein (NSs) mRNAs, complete cds
AY704563.1	S	721		buffer/unknown		Brazil: Belem-PA		1a1c7fa1fbb454665d590e9b6ef5c66e1a583ee16d3c879b905c7a75f92d0110	Oropouche virus strain BeH 543629 structural nucleocapsid protein (N) and non-structural protein (NSs) mRNAs, complete cds
AY704562.1	S	721		buffer/unknown		Brazil: Belem-PA		acc381a3ed337630898de99ae363fa89e9a57e4d88acc665a372ade0a683497a	Oropouche virus strain BeH 543639 structural nucleocapsid protein (N) and non-structural protein (NSs) mRNAs, complete cds
AY704561.1	S	721		buffer/unknown		Brazil: Belem-PA		89e10d61ba8a7f0ef0eb198cf8bd723274dbbd06276cd535bd85f2f79e4ce894	Oropouche virus strain BeH 543745 structural nucleocapsid protein (N) and non-structural protein (NSs) mRNAs, complete cds
AY704560.1	S	721		buffer/unknown		Brazil: Belem-PA		95ea9b41bf8f5746b1be9f73186d5d1337dee391d3c2bbcf6c3df1eb83792a2e	Oropouche virus strain BeH 543733 structural nucleocapsid protein (N) and non-structural protein (NSs) mRNAs, complete cds
AY704559.1	S	721		buffer/unknown		Brazil: Belem-PA		bcf86c73545a649da3ead04e892fdd63171b6a36be7446b3c2ec277aec27fc76	Oropouche virus strain BeH 521086 structural nucleocapsid protein (N) and non-structural protein (NSs) mRNAs, complete cds
AY237111.1	S	754		buffer/unknown				3f7b100f0d2141354e58a63eb6686b781793738f0c9eb8e880debc0623f03777	Oropouche virus segment S, complete sequence
AY117135.3	S	754		buffer/unknown		Brazil: Arinos, Minas Gerais	monkey (Callithrix sp.)	1cecf73611cf8ed405f71adf6c61231d297c9c9d47fd89805ea6dd3ab8429e30	Oropouche virus strain BeAn 626990 segment S, complete sequence
EF467372.1	S	696		buffer/unknown		Brazil	Homo sapiens	d039a55c131d0e549552b10dca683bb2689ac05c275a1fbffac0a1deb99ae784	Oropouche virus strain PMOH 682431 nucleocapsid protein (N) and non-structural protein (NSs) genes, complete cds
EF467371.1	S	696		buffer/unknown		Brazil	Homo sapiens	90e5087e6a993a14a9a3363c70483debf2e75667ec813f46c3cc9bdf4918bcb4	Oropouche virus strain PMOH 682426 nucleocapsid protein (N) and non-structural protein (NSs) genes, complete cds
EF467370.1	S	696		buffer/unknown		Brazil	Homo sapiens	ab2bfb87d33de5fc1debf89991b53edced33760b099ae70710e06ef8f5167e46	Oropouche virus strain PPS 522 H 669314 nucleocapsid protein (N) and non-structural protein (NSs) genes, complete cds
EF467369.1	S	696		buffer/unknown		Brazil	Homo sapiens	e783ee109feb6ede5c4e9de587011e29e9a39acca375f36f80b4859a029796a3	Oropouche virus strain PPS 523 H 669315 nucleocapsid protein (N) and non-structural protein (NSs) genes, complete cds
EF467368.1	S	696		buffer/unknown		Brazil	Homo sapiens	ce29d1c7d963f3b48a9c859568db87fa25c987b356b409a7abca79b33c6b7991	Oropouche virus strain BeH 622544 nucleocapsid protein (N) and non-structural protein (NSs) genes, complete cds
AY993912.1	S	721		buffer/unknown				f511856059e6914f8a41773a563fad5b183cd9a6ec9032a9a0f5191e43dc8aba	Oropouche virus isolate BeAn 208823 nucleocapsid protein and non-structural protein mRNAs, complete cds
AY993911.1	S	721		buffer/unknown				2bea60bf14d2391432378d6e01cc3eeaf6489d28edb3309ed3f5cb27029c4c26	Oropouche virus isolate BeAn 208819 nucleocapsid protein and non-structural protein mRNAs, complete cds
AY993910.1	S	721		buffer/unknown				50c583e109b7cd6a6db59d07634cf419f5e09426713538143f31da55128fada9	Oropouche virus isolate BeAn 208402 nucleocapsid protein and non-structural protein mRNAs, complete cds
AY993909.1	S	721		buffer/unknown				ecdf475475ca3a19b7cca34c28dbec6f1fe872524521bf44d402d5b893c97c7e	Oropouche virus isolate BeAn 206119 nucleocapsid protein and non-structural protein mRNAs, complete cds
